student_id,exercise_is_correct_ratio,exercise_completion_velocity,practice_problems_solved,quiz_score,avg_exercise_attempts,avg_exercise_execution_time_ms,predicted_pass_probability,risk_level
1,0.59,382.3,54,13.0,9.4,5330,0.764,LOW
2,0.27,364.6,87,95.4,9.0,4963,0.814,LOW
3,0.48,315.4,48,34.7,4.4,9180,0.658,MEDIUM
4,0.43,192.0,65,56.6,7.0,995,0.616,MEDIUM
5,0.74,157.5,53,20.9,8.6,5240,0.718,LOW
6,0.29,560.6,83,50.9,5.9,873,0.922,LOW
7,0.44,296.3,42,35.6,2.4,2467,0.66,MEDIUM
8,0.6,391.8,92,75.5,8.1,5220,0.976,LOW
9,0.26,147.6,69,92.0,3.5,7310,0.484,MEDIUM
10,0.59,207.0,52,10.3,5.9,8420,0.561,MEDIUM
11,0.46,161.7,55,41.8,5.7,1636,0.521,MEDIUM
12,0.29,329.9,86,27.2,4.9,2251,0.66,MEDIUM
13,0.34,78.2,25,43.4,8.0,6767,0.074,HIGH
14,0.56,438.5,76,18.4,6.5,6729,0.915,LOW
15,0.11,442.5,64,2.0,6.2,6919,0.239,HIGH
16,0.72,517.3,27,34.1,5.7,4875,0.949,LOW
17,0.24,385.2,91,30.3,7.1,4141,0.639,MEDIUM
18,0.64,202.7,76,84.8,6.8,3482,0.934,LOW
19,0.63,77.7,30,84.1,9.3,1152,0.577,MEDIUM
20,0.54,197.1,46,63.1,5.4,6202,0.681,MEDIUM
21,0.92,4.7,48,98.6,5.3,7353,0.001,HIGH
22,0.08,131.0,99,74.0,8.3,5052,0.226,HIGH
23,0.62,427.8,56,15.8,5.6,2624,0.909,LOW
24,0.38,200.7,14,27.7,1.1,9716,0.189,HIGH
25,0.2,267.2,29,63.1,3.1,9956,0.205,HIGH
26,0.92,1.9,34,96.3,7.4,8987,0.0,HIGH
27,0.36,373.1,4,80.6,9.2,5032,0.379,HIGH
28,0.4,501.3,86,97.5,1.5,7938,0.979,LOW
29,0.75,378.0,31,62.8,3.5,3860,0.959,LOW
30,0.69,46.0,29,29.5,2.2,9359,0.479,MEDIUM
31,0.52,55.2,50,15.3,1.6,1145,0.411,MEDIUM
32,0.18,485.4,6,36.4,7.8,9036,0.151,HIGH
33,0.35,78.2,51,49.5,2.8,8403,0.246,HIGH
34,0.54,103.1,98,1.5,4.9,2263,0.684,MEDIUM
35,0.5,626.6,67,18.6,6.5,964,0.958,LOW
36,0.25,397.9,40,29.5,7.2,6552,0.306,HIGH
37,0.22,351.7,22,47.7,5.3,9052,0.203,HIGH
38,0.87,3.1,29,95.1,7.1,3267,0.0,HIGH
39,0.4,294.6,21,46.8,7.6,835,0.372,HIGH
40,0.88,159.4,10,36.3,5.5,6683,0.774,LOW
41,0.21,345.7,31,27.6,10.0,2614,0.14,HIGH
42,0.39,557.5,99,35.2,3.2,5441,0.967,LOW
43,0.86,445.5,34,5.6,4.4,8657,0.956,LOW
44,0.72,558.6,39,53.7,4.6,4414,0.983,LOW
45,0.6,546.9,37,54.9,2.7,1349,0.97,LOW
46,0.71,125.4,5,41.9,7.9,8596,0.384,HIGH
47,0.77,210.7,0,55.6,3.2,894,0.805,LOW
48,0.95,625.7,78,59.7,8.8,6151,0.999,LOW
49,0.48,170.2,85,52.0,9.2,9855,0.622,MEDIUM
50,0.26,436.6,11,40.9,6.1,556,0.316,HIGH
51,0.9,144.3,87,78.0,8.5,918,0.984,LOW
52,0.77,449.8,96,11.9,6.3,9232,0.984,LOW
53,0.94,91.6,67,59.5,6.7,3089,0.962,LOW
54,0.1,172.5,70,11.5,2.7,1912,0.121,HIGH
55,0.95,360.5,83,31.0,9.6,935,0.991,LOW
56,0.63,405.6,71,29.8,3.7,3925,0.955,LOW
57,0.23,59.3,68,49.5,2.8,5094,0.195,HIGH
58,0.17,349.5,9,34.5,6.5,1824,0.105,HIGH
59,0.88,1.2,30,99.9,9.2,1083,0.0,HIGH
60,0.57,469.6,13,13.3,5.4,5172,0.708,LOW
61,0.72,195.5,85,12.3,1.9,4001,0.932,LOW
62,0.91,2.9,21,94.8,7.8,9308,0.0,HIGH
63,0.07,577.8,61,67.8,4.3,1096,0.731,LOW
64,0.03,626.8,19,35.1,2.8,5981,0.314,HIGH
65,0.16,580.6,31,59.6,8.7,3343,0.508,MEDIUM
66,0.67,363.0,31,94.0,7.0,3097,0.941,LOW
67,0.57,83.1,98,7.7,2.5,5983,0.74,LOW
68,0.8,64.2,19,54.5,6.1,6595,0.639,MEDIUM
69,0.61,30.1,62,44.8,7.5,5244,0.527,MEDIUM
70,0.2,430.4,1,66.7,5.5,8006,0.224,HIGH
71,0.4,114.2,32,7.2,5.6,4616,0.116,HIGH
72,0.01,535.0,83,26.6,1.3,5792,0.576,MEDIUM
73,0.07,495.9,15,71.7,9.7,6668,0.168,HIGH
74,0.03,596.5,2,34.8,2.3,2499,0.22,HIGH
75,0.88,2.1,12,91.1,7.9,4693,0.0,HIGH
76,0.19,385.0,0,2.3,6.8,9535,0.048,HIGH
77,0.55,137.5,6,58.3,1.3,2081,0.472,MEDIUM
78,0.62,170.2,8,66.5,9.7,4901,0.423,MEDIUM
79,0.09,275.6,87,82.2,9.8,4384,0.354,HIGH
80,0.84,364.3,15,48.0,4.6,1421,0.951,LOW
81,0.86,391.2,63,37.7,9.3,5294,0.976,LOW
82,0.95,30.0,23,79.0,4.9,3574,0.898,LOW
83,0.26,255.2,44,4.9,6.5,5317,0.135,HIGH
84,0.31,61.4,82,16.5,9.6,6445,0.131,HIGH
85,0.36,286.0,23,33.4,6.5,6013,0.247,HIGH
86,0.73,177.4,13,44.9,1.8,1529,0.78,LOW
87,0.2,604.1,93,65.4,3.4,6450,0.939,LOW
88,0.94,311.1,13,90.8,1.3,3404,0.986,LOW
89,0.12,143.3,72,54.6,3.2,8828,0.17,HIGH
90,0.74,595.5,89,95.2,4.9,2759,0.999,LOW
91,0.89,5.0,10,99.7,3.8,2478,0.0,HIGH
92,0.22,324.0,89,98.4,5.6,6344,0.78,LOW
93,0.98,3.5,26,93.1,7.6,1998,0.001,HIGH
94,0.82,328.0,44,78.3,2.3,8607,0.979,LOW
95,0.08,579.8,36,95.7,3.3,1464,0.712,LOW
96,0.71,237.3,8,65.2,8.1,9902,0.652,MEDIUM
97,0.88,2.8,15,92.5,9.2,3500,0.0,HIGH
98,0.66,513.2,18,8.6,3.8,5433,0.882,LOW
99,0.46,243.3,63,88.1,6.9,9012,0.763,LOW
100,0.32,456.1,34,59.3,8.4,2383,0.61,MEDIUM
101,0.38,116.8,77,15.4,6.7,3755,0.309,HIGH
102,0.03,279.0,80,50.0,5.0,781,0.265,HIGH
103,0.86,3.5,10,91.4,1.4,8219,0.0,HIGH
104,0.13,207.5,86,1.5,5.3,7236,0.133,HIGH
105,0.33,174.8,92,6.4,4.0,6705,0.414,MEDIUM
106,0.6,382.7,15,67.7,9.8,9503,0.722,LOW
107,0.33,75.8,54,11.6,5.8,6621,0.108,HIGH
108,0.23,255.6,15,54.2,9.9,860,0.101,HIGH
109,0.14,447.3,35,25.6,4.8,1190,0.284,HIGH
110,0.31,606.2,70,4.0,5.8,9503,0.789,LOW
111,0.68,128.3,44,50.1,8.4,6412,0.652,MEDIUM
112,0.92,551.5,28,48.7,6.0,7916,0.99,LOW
113,0.86,557.9,14,66.3,6.9,5072,0.985,LOW
114,0.94,451.1,16,27.8,5.8,6215,0.969,LOW
115,0.77,362.3,11,81.1,8.0,2471,0.927,LOW
116,0.86,329.2,38,61.2,5.8,9821,0.962,LOW
117,0.51,281.0,83,37.5,7.2,5616,0.82,LOW
118,0.96,447.9,33,91.8,2.0,4247,0.997,LOW
119,0.77,501.9,64,3.5,2.2,3107,0.984,LOW
120,0.44,470.6,4,21.8,8.2,625,0.471,MEDIUM
121,0.13,262.6,48,90.1,2.6,8547,0.333,HIGH
122,0.04,583.6,47,19.6,5.9,5751,0.309,HIGH
123,0.58,353.7,99,26.6,9.1,5824,0.922,LOW
124,0.03,430.9,27,93.7,9.8,2852,0.195,HIGH
125,0.81,357.1,36,85.0,4.4,3203,0.98,LOW
126,0.89,3.1,21,99.9,5.0,1652,0.0,HIGH
127,0.46,390.6,68,53.9,7.7,4955,0.85,LOW
128,0.28,119.1,25,14.6,1.9,8428,0.071,HIGH
129,0.82,579.4,9,92.5,4.2,2382,0.992,LOW
130,0.19,346.1,36,51.0,9.7,7388,0.171,HIGH
131,0.07,610.6,50,80.7,9.5,8638,0.548,MEDIUM
132,0.75,424.0,36,56.2,6.1,710,0.965,LOW
133,0.74,590.4,87,75.7,10.0,876,0.996,LOW
134,0.11,349.0,25,75.7,6.8,6774,0.168,HIGH
135,0.46,97.2,83,58.9,2.1,752,0.771,LOW
136,0.52,458.0,25,83.9,6.2,5150,0.885,LOW
137,0.64,615.5,79,61.4,6.2,9033,0.992,LOW
138,0.87,315.3,88,66.4,3.0,4969,0.995,LOW
139,0.6,352.5,72,99.5,4.2,2653,0.979,LOW
140,0.96,86.4,13,87.3,4.0,777,0.938,LOW
141,0.76,90.6,31,74.9,7.5,4974,0.761,LOW
142,0.86,3.7,47,94.5,4.6,4579,0.001,HIGH
143,0.54,277.9,28,23.6,5.9,3474,0.525,MEDIUM
144,0.79,469.7,40,62.8,7.9,7409,0.974,LOW
145,0.45,40.3,71,26.5,2.1,6370,0.4,HIGH
146,0.35,572.3,49,14.2,9.3,5489,0.664,MEDIUM
147,0.78,330.3,72,24.0,6.4,9793,0.95,LOW
148,0.72,420.9,17,72.8,7.1,9836,0.915,LOW
149,0.78,503.5,91,73.2,9.7,8143,0.994,LOW
150,0.35,442.5,50,1.8,1.4,2590,0.67,MEDIUM
151,0.98,531.6,44,74.8,6.5,8854,0.997,LOW
152,0.85,167.5,7,60.7,2.0,1587,0.887,LOW
153,0.69,172.3,0,34.8,9.5,2203,0.381,HIGH
154,0.32,347.3,22,39.6,8.8,2178,0.265,HIGH
155,0.31,326.7,19,15.4,5.8,4487,0.188,HIGH
156,0.85,3.4,46,94.4,6.4,3197,0.0,HIGH
157,0.73,224.2,72,20.4,7.8,3814,0.876,LOW
158,0.71,179.5,54,52.7,2.7,2283,0.907,LOW
159,0.73,40.9,8,41.0,5.2,8129,0.371,HIGH
160,0.22,434.3,38,96.6,3.1,6705,0.701,LOW
161,0.4,535.6,41,40.9,8.4,7845,0.744,LOW
162,0.72,242.5,83,89.0,5.9,1239,0.98,LOW
163,0.94,3.2,27,90.5,5.4,8993,0.0,HIGH
164,0.36,539.1,43,21.4,3.3,5701,0.767,LOW
165,0.1,612.5,51,3.8,4.7,2810,0.458,MEDIUM
166,0.88,3.3,41,97.7,9.9,5229,0.0,HIGH
167,0.59,514.6,39,5.8,3.4,8902,0.879,LOW
168,0.23,523.8,98,97.4,9.5,4197,0.929,LOW
169,0.67,508.7,43,94.8,8.5,7382,0.975,LOW
170,0.54,446.9,7,17.4,4.9,9017,0.602,MEDIUM
171,0.79,505.5,27,84.3,3.1,6932,0.988,LOW
172,0.42,498.4,25,90.0,7.9,4614,0.836,LOW
173,1.0,105.2,24,91.9,2.9,6340,0.966,LOW
174,0.5,371.2,55,43.0,6.4,4431,0.814,LOW
175,0.37,216.8,90,27.3,2.4,6871,0.668,MEDIUM
176,0.66,613.4,36,97.5,2.1,2305,0.993,LOW
177,0.34,186.8,89,17.8,7.5,4956,0.406,MEDIUM
178,0.87,453.2,66,95.9,1.0,7389,0.998,LOW
179,0.97,260.6,35,42.3,8.7,8840,0.945,LOW
180,0.93,1.6,10,92.9,9.6,8671,0.0,HIGH
181,0.16,580.1,68,57.1,1.3,3890,0.856,LOW
182,0.61,492.0,68,3.4,10.0,6952,0.89,LOW
183,0.93,405.9,19,41.0,9.2,8229,0.951,LOW
184,0.35,544.8,43,47.1,8.7,7453,0.716,LOW
185,0.25,575.2,92,15.7,8.1,2130,0.835,LOW
186,0.52,284.4,3,61.7,5.7,530,0.555,MEDIUM
187,0.9,91.6,25,89.9,7.9,3860,0.895,LOW
188,0.08,469.4,28,36.9,7.8,8125,0.14,HIGH
189,0.36,394.3,99,61.2,4.8,8698,0.905,LOW
190,0.0,574.5,97,46.4,6.2,3262,0.701,LOW
191,0.49,36.5,30,11.0,1.6,636,0.219,HIGH
192,0.8,577.6,63,14.1,9.6,9340,0.98,LOW
193,0.97,516.9,57,5.9,9.8,3344,0.989,LOW
194,0.34,602.0,96,54.2,4.5,6224,0.968,LOW
195,0.65,323.1,62,9.6,6.1,7676,0.836,LOW
196,0.27,250.6,15,49.4,2.5,9094,0.174,HIGH
197,0.69,245.6,66,26.0,4.1,5678,0.891,LOW
198,0.32,56.4,93,66.4,2.8,5895,0.523,MEDIUM
199,0.57,246.2,85,79.8,2.1,3575,0.958,LOW
200,0.53,187.3,56,35.6,5.6,6936,0.604,MEDIUM
201,0.11,364.9,64,77.7,8.8,1704,0.401,MEDIUM
202,0.46,104.2,59,44.0,2.0,8730,0.491,MEDIUM
203,0.83,461.5,74,53.8,1.0,2931,0.996,LOW
204,0.87,491.9,20,37.2,6.7,4150,0.972,LOW
205,0.92,362.3,12,28.0,8.0,3161,0.927,LOW
206,0.61,425.8,33,45.5,7.6,4085,0.865,LOW
207,0.77,42.0,90,99.2,9.9,5335,0.939,LOW
208,0.64,220.3,58,5.9,8.1,1993,0.68,MEDIUM
209,0.97,515.0,94,82.9,8.4,9134,0.999,LOW
210,0.02,578.4,59,22.2,3.8,4713,0.423,MEDIUM
211,0.47,415.1,14,83.8,1.3,6896,0.837,LOW
212,0.04,518.8,87,14.5,2.9,9632,0.493,MEDIUM
213,0.55,565.3,49,39.8,4.8,987,0.957,LOW
214,0.44,438.0,15,88.7,3.8,6980,0.803,LOW
215,0.3,321.8,75,48.3,6.6,1731,0.642,MEDIUM
216,0.96,444.2,72,99.1,4.2,6157,0.999,LOW
217,0.73,410.5,82,15.9,8.2,9024,0.958,LOW
218,0.9,350.9,98,22.7,6.8,4385,0.992,LOW
219,0.04,324.3,57,91.8,8.9,6442,0.223,HIGH
220,0.64,536.9,81,20.5,2.5,5168,0.984,LOW
221,0.05,188.7,10,92.2,2.0,5347,0.075,HIGH
222,0.77,349.5,92,20.7,1.9,5226,0.985,LOW
223,0.08,372.0,20,75.9,5.6,1918,0.192,HIGH
224,0.63,167.6,93,8.8,1.6,8019,0.868,LOW
225,0.6,245.6,70,96.1,2.7,4891,0.957,LOW
226,0.21,37.1,76,83.5,5.9,6365,0.22,HIGH
227,0.24,191.6,10,88.6,3.5,2198,0.201,HIGH
228,0.73,107.6,20,64.2,1.0,1426,0.803,LOW
229,0.11,427.3,97,20.8,6.2,3598,0.534,MEDIUM
230,0.75,492.7,89,59.3,3.2,7106,0.995,LOW
231,0.12,371.3,59,98.4,4.5,8882,0.529,MEDIUM
232,0.93,297.9,62,24.6,3.0,1589,0.985,LOW
233,0.95,93.7,33,81.5,7.8,5851,0.925,LOW
234,0.64,521.7,22,75.1,4.1,5599,0.961,LOW
235,0.87,480.1,78,13.5,3.3,7048,0.992,LOW
236,0.56,528.3,13,4.0,8.0,6304,0.672,MEDIUM
237,0.8,621.9,49,64.0,8.7,7010,0.992,LOW
238,0.58,180.4,31,74.9,6.1,9446,0.623,MEDIUM
239,0.89,326.0,96,87.8,9.3,3287,0.996,LOW
240,0.79,584.2,34,9.0,2.2,6609,0.98,LOW
241,0.57,615.7,70,75.5,1.9,6509,0.993,LOW
242,0.95,1.5,35,99.0,7.5,3207,0.001,HIGH
243,0.2,186.0,35,38.0,2.9,2251,0.14,HIGH
244,0.61,476.9,6,15.8,6.0,3086,0.752,LOW
245,0.95,108.5,64,79.6,8.8,8472,0.962,LOW
246,0.2,622.8,80,91.5,6.5,1587,0.944,LOW
247,0.63,593.5,96,19.0,7.7,4822,0.987,LOW
248,0.39,199.2,24,8.6,7.0,9275,0.111,HIGH
249,0.82,133.1,26,10.2,9.1,9444,0.537,MEDIUM
250,0.58,584.5,42,55.1,9.6,4127,0.947,LOW
251,0.88,497.8,47,94.1,2.4,8098,0.997,LOW
252,0.73,115.7,96,51.5,7.9,2368,0.93,LOW
253,0.53,212.2,57,55.1,1.9,4852,0.805,LOW
254,0.72,493.0,7,81.1,4.0,8168,0.958,LOW
255,0.75,58.1,5,54.7,5.0,9329,0.468,MEDIUM
256,0.52,380.2,22,96.6,7.8,8771,0.796,LOW
257,0.89,2.2,38,90.6,10.0,6881,0.0,HIGH
258,0.81,80.3,60,28.9,1.7,9935,0.857,LOW
259,0.42,162.7,83,87.2,8.2,9209,0.684,MEDIUM
260,0.4,275.5,60,54.1,1.7,5308,0.737,LOW
261,0.2,235.7,72,11.0,6.1,9281,0.167,HIGH
262,0.06,542.6,71,89.1,8.6,2652,0.698,MEDIUM
263,0.8,182.1,84,31.7,9.5,8964,0.91,LOW
264,0.83,488.8,74,64.2,2.2,1492,0.997,LOW
265,0.88,522.3,23,19.6,1.5,6617,0.983,LOW
266,0.76,176.0,82,91.6,2.5,8568,0.979,LOW
267,0.22,342.7,17,37.1,4.5,3755,0.19,HIGH
268,0.09,199.5,42,29.1,6.2,1785,0.06,HIGH
269,0.54,355.9,21,96.7,2.7,4664,0.882,LOW
270,0.72,397.8,36,98.8,3.7,6298,0.978,LOW
271,0.8,467.2,21,76.1,7.6,3111,0.973,LOW
272,0.04,88.0,0,49.8,7.1,8524,0.007,HIGH
273,0.15,433.5,85,0.1,2.6,2180,0.543,MEDIUM
274,0.6,101.8,77,35.5,3.4,2429,0.786,LOW
275,1.0,167.5,76,55.2,3.5,529,0.991,LOW
276,0.29,488.9,26,72.7,1.6,7002,0.728,LOW
277,0.83,359.1,93,26.0,7.6,8866,0.981,LOW
278,0.37,629.7,13,15.0,8.5,5491,0.581,MEDIUM
279,0.57,346.2,55,60.0,6.0,7544,0.881,LOW
280,0.27,615.5,52,12.7,5.2,9628,0.694,MEDIUM
281,0.58,352.2,5,5.0,5.8,8365,0.432,MEDIUM
282,0.26,566.9,36,11.8,2.7,9301,0.571,MEDIUM
283,0.16,392.4,46,40.8,7.7,8861,0.232,HIGH
284,0.79,580.8,70,32.7,6.2,6370,0.993,LOW
285,0.84,551.8,28,29.7,2.9,1606,0.988,LOW
286,0.61,272.1,67,91.8,8.2,9370,0.915,LOW
287,0.98,4.2,17,95.9,2.2,2852,0.001,HIGH
288,0.13,393.3,21,61.2,8.8,1744,0.171,HIGH
289,0.8,233.7,90,22.0,7.3,5886,0.952,LOW
290,0.45,337.0,72,44.9,6.8,3827,0.802,LOW
291,0.97,1.5,48,90.7,7.8,2202,0.001,HIGH
292,0.89,3.0,15,95.3,4.6,1294,0.0,HIGH
293,0.34,564.9,58,26.9,6.0,5302,0.809,LOW
294,0.22,109.7,29,41.8,3.5,1208,0.092,HIGH
295,0.8,424.8,0,9.2,1.3,9522,0.879,LOW
296,0.07,593.4,20,17.9,1.8,4809,0.307,HIGH
297,0.61,568.8,62,97.4,4.0,8425,0.991,LOW
298,1.0,198.3,47,11.8,5.5,2287,0.952,LOW
299,1.0,4.8,48,96.4,4.5,7387,0.001,HIGH
300,0.04,411.4,32,27.8,1.8,4893,0.151,HIGH
301,0.77,594.3,96,24.2,3.9,7944,0.996,LOW
302,0.84,137.0,98,22.8,6.2,3506,0.958,LOW
303,0.62,615.9,12,98.0,2.0,5212,0.982,LOW
304,0.59,215.0,88,89.6,8.9,1031,0.936,LOW
305,0.89,179.7,18,99.6,7.5,8976,0.92,LOW
306,0.92,259.2,18,7.7,5.1,2620,0.886,LOW
307,0.05,88.9,28,40.7,4.9,7660,0.018,HIGH
308,0.48,624.0,4,77.4,4.4,3410,0.914,LOW
309,0.05,71.1,7,93.1,3.9,5250,0.028,HIGH
310,0.9,473.7,57,5.2,6.9,3937,0.983,LOW
311,0.57,466.7,71,17.8,5.4,2301,0.938,LOW
312,0.12,451.5,29,62.8,2.8,7082,0.358,HIGH
313,0.26,88.2,37,56.3,5.2,2813,0.124,HIGH
314,0.85,540.7,11,85.4,4.2,9351,0.988,LOW
315,0.14,258.6,7,31.7,4.5,1772,0.058,HIGH
316,0.67,581.6,75,94.1,3.5,8052,0.996,LOW
317,0.5,131.4,77,57.8,5.7,2716,0.732,LOW
318,0.22,417.8,37,3.6,7.4,989,0.23,HIGH
319,0.35,487.8,45,80.2,9.5,4228,0.782,LOW
320,0.42,382.0,24,6.2,2.5,8056,0.437,MEDIUM
321,0.14,398.7,88,62.6,5.1,3892,0.676,MEDIUM
322,0.0,65.3,76,47.9,3.1,2865,0.07,HIGH
323,0.13,101.9,3,87.1,8.6,4086,0.029,HIGH
324,0.88,130.9,77,74.7,7.1,8801,0.966,LOW
325,0.61,54.1,41,47.8,8.7,2557,0.418,MEDIUM
326,0.27,454.8,58,65.3,6.3,9373,0.69,MEDIUM
327,0.58,305.2,92,1.3,9.3,1078,0.845,LOW
328,0.74,339.7,92,47.2,6.0,8002,0.979,LOW
329,0.34,32.1,88,59.9,5.5,1630,0.432,MEDIUM
330,0.29,373.8,79,7.6,5.0,9281,0.525,MEDIUM
331,0.96,157.7,82,46.4,7.2,8735,0.975,LOW
332,0.51,353.8,19,58.0,1.9,9561,0.726,LOW
333,0.6,446.3,94,29.2,9.7,9306,0.946,LOW
334,0.33,473.4,83,47.9,4.0,3475,0.899,LOW
335,0.31,97.5,64,87.0,9.9,8287,0.266,HIGH
336,0.01,99.7,65,94.3,8.9,1249,0.083,HIGH
337,0.47,112.3,2,90.0,1.4,8991,0.35,HIGH
338,0.39,256.9,18,56.4,6.1,3979,0.328,HIGH
339,0.92,375.6,29,73.8,1.8,8721,0.987,LOW
340,0.21,333.0,90,23.7,6.4,6920,0.468,MEDIUM
341,0.69,420.4,90,49.5,8.1,3370,0.981,LOW
342,0.7,407.4,70,80.6,8.8,6990,0.977,LOW
343,0.7,129.5,4,80.0,4.1,3479,0.689,MEDIUM
344,0.64,613.3,97,96.0,3.6,3789,0.998,LOW
345,0.56,524.1,0,80.9,5.4,4562,0.89,LOW
346,0.91,162.0,45,66.6,3.0,524,0.97,LOW
347,0.69,399.2,63,81.1,9.7,8240,0.963,LOW
348,0.11,432.1,25,79.0,5.5,7986,0.28,HIGH
349,0.44,94.9,42,32.0,9.7,1844,0.187,HIGH
350,0.09,625.2,81,81.1,7.7,4607,0.842,LOW
351,0.06,223.0,43,15.0,9.1,3706,0.032,HIGH
352,0.7,65.1,61,47.4,2.8,6208,0.808,LOW
353,0.24,355.1,92,7.1,7.9,8180,0.438,MEDIUM
354,0.68,436.7,84,27.0,3.4,5416,0.979,LOW
355,0.02,368.7,48,73.0,5.3,6157,0.218,HIGH
356,0.57,134.1,3,45.5,4.6,1661,0.34,HIGH
357,0.65,220.0,82,6.1,2.2,9722,0.865,LOW
358,0.74,251.6,3,44.0,7.0,1393,0.709,LOW
359,0.91,356.5,37,0.7,6.8,1013,0.948,LOW
360,0.83,493.3,21,3.4,5.2,885,0.952,LOW
361,0.34,432.4,23,50.0,9.2,2750,0.45,MEDIUM
362,0.52,54.2,50,23.8,1.7,7558,0.382,HIGH
363,0.95,467.3,68,99.8,9.4,9380,0.997,LOW
364,0.23,313.7,4,34.0,7.8,1886,0.095,HIGH
365,0.61,246.7,67,57.3,2.4,3511,0.924,LOW
366,0.27,322.7,9,60.9,3.6,6156,0.266,HIGH
367,0.06,359.0,64,16.1,6.3,9659,0.128,HIGH
368,0.19,118.4,49,24.1,4.2,2100,0.089,HIGH
369,0.99,252.8,12,59.1,7.0,1240,0.956,LOW
370,0.88,93.2,48,59.7,3.7,6454,0.921,LOW
371,0.94,93.7,66,73.8,6.4,6970,0.966,LOW
372,0.02,495.2,69,84.2,1.5,8962,0.657,MEDIUM
373,0.62,562.9,15,36.7,8.7,3327,0.881,LOW
374,0.13,390.8,79,59.5,6.3,4342,0.543,MEDIUM
375,0.26,623.6,90,60.7,2.6,3945,0.962,LOW
376,0.85,237.0,56,21.3,9.8,1193,0.906,LOW
377,0.89,528.0,82,20.8,8.2,8830,0.993,LOW
378,0.88,223.9,90,56.6,9.4,7429,0.978,LOW
379,0.75,152.6,83,78.1,7.4,2503,0.956,LOW
380,0.65,515.8,71,1.7,4.4,8374,0.958,LOW
381,0.0,220.7,83,51.6,5.6,7711,0.141,HIGH
382,0.26,605.5,96,43.4,7.3,3198,0.921,LOW
383,0.54,210.1,51,64.3,8.5,5887,0.666,MEDIUM
384,0.1,600.1,88,31.2,2.7,4225,0.811,LOW
385,0.92,86.9,57,66.4,7.9,7013,0.931,LOW
386,0.52,331.8,15,70.4,1.6,1983,0.793,LOW
387,0.05,410.9,17,91.0,5.3,3796,0.222,HIGH
388,0.75,587.1,82,74.9,5.6,6713,0.997,LOW
389,0.01,413.9,11,28.7,1.6,2799,0.088,HIGH
390,0.43,568.9,69,63.0,4.9,2408,0.963,LOW
391,0.61,56.8,90,8.1,3.7,1588,0.719,LOW
392,0.78,353.0,77,10.2,7.1,804,0.964,LOW
393,0.28,480.9,19,92.2,5.8,6778,0.639,MEDIUM
394,0.5,159.3,70,63.8,2.4,9029,0.762,LOW
395,0.38,516.8,94,59.8,9.4,6955,0.931,LOW
396,0.4,227.8,82,71.4,9.6,9365,0.641,MEDIUM
397,0.95,199.6,68,96.1,5.5,9285,0.989,LOW
398,0.44,309.6,52,39.0,7.0,4376,0.618,MEDIUM
399,0.39,136.9,10,80.0,8.7,9893,0.141,HIGH
400,0.65,180.3,73,69.8,6.9,4579,0.894,LOW
401,0.49,149.1,93,79.2,1.0,1967,0.919,LOW
402,0.47,453.0,32,57.7,6.1,6011,0.798,LOW
403,0.38,141.4,7,14.5,5.8,1154,0.081,HIGH
404,0.58,408.7,37,9.4,9.9,5166,0.667,MEDIUM
405,0.14,558.2,77,67.2,9.1,9401,0.699,MEDIUM
406,0.13,196.9,72,6.7,2.2,1183,0.162,HIGH
407,0.74,629.5,97,61.5,5.5,5488,0.998,LOW
408,0.64,120.0,72,5.4,2.7,2644,0.744,LOW
409,0.27,285.4,16,79.7,2.1,6880,0.357,HIGH
410,0.41,313.6,63,90.7,4.1,2968,0.868,LOW
411,0.98,364.4,71,82.3,4.1,7313,0.997,LOW
412,0.97,425.7,31,57.7,7.0,9117,0.985,LOW
413,0.34,530.7,92,94.2,2.1,7115,0.977,LOW
414,0.5,587.9,74,15.2,1.1,8655,0.963,LOW
415,0.48,494.9,46,23.6,1.5,3348,0.888,LOW
416,0.81,43.2,93,10.1,1.9,7049,0.908,LOW
417,0.54,424.8,97,15.5,5.3,3821,0.948,LOW
418,0.05,333.7,87,60.8,1.4,2269,0.551,MEDIUM
419,0.78,377.3,51,42.8,8.3,8293,0.945,LOW
420,0.48,138.4,93,5.3,1.3,814,0.725,LOW
421,0.91,617.4,92,3.7,6.5,1468,0.998,LOW
422,0.69,437.3,87,23.1,5.3,8079,0.974,LOW
423,0.85,596.5,45,68.9,2.3,9424,0.996,LOW
424,0.03,59.8,77,3.3,3.3,9773,0.028,HIGH
425,0.02,231.9,2,27.9,2.4,8707,0.018,HIGH
426,0.28,478.3,18,11.3,3.4,1900,0.397,HIGH
427,0.74,627.0,81,40.3,4.7,953,0.996,LOW
428,0.99,540.5,79,82.2,1.4,6934,0.999,LOW
429,0.32,572.9,93,94.1,1.6,5114,0.983,LOW
430,0.31,112.7,90,76.9,1.4,6294,0.664,MEDIUM
431,0.89,173.9,71,91.7,8.3,2485,0.981,LOW
432,0.22,147.0,96,3.0,2.4,1322,0.311,HIGH
433,0.64,371.2,51,13.8,6.5,9024,0.82,LOW
434,0.92,3.4,34,94.3,7.9,3188,0.0,HIGH
435,0.95,357.2,71,16.2,5.0,8593,0.986,LOW
436,0.8,548.9,47,26.0,9.7,8579,0.97,LOW
437,0.83,168.3,76,73.4,5.2,5481,0.973,LOW
438,0.86,490.6,73,99.7,9.6,2507,0.997,LOW
439,0.71,207.0,39,1.7,1.1,5736,0.765,LOW
440,0.92,492.7,90,89.8,9.0,2157,0.999,LOW
441,0.7,94.8,0,66.2,5.4,5590,0.499,MEDIUM
442,0.13,417.1,79,27.2,1.9,3013,0.585,MEDIUM
443,0.97,3.5,33,94.0,4.2,1329,0.001,HIGH
444,0.81,355.8,66,66.0,5.9,3654,0.986,LOW
445,0.23,590.7,58,8.8,2.4,3252,0.746,LOW
446,0.13,33.9,97,22.6,9.2,8241,0.063,HIGH
447,0.2,518.3,92,38.1,1.5,2016,0.884,LOW
448,0.78,528.1,8,99.4,9.2,2745,0.977,LOW
449,0.79,61.1,66,48.9,4.8,9246,0.86,LOW
450,0.45,403.5,52,10.3,9.6,7453,0.555,MEDIUM
451,0.28,626.2,53,19.7,3.0,2567,0.836,LOW
452,0.72,67.9,39,20.1,2.9,7196,0.604,MEDIUM
453,0.91,2.4,17,93.9,1.6,8433,0.0,HIGH
454,0.93,451.7,11,4.9,5.2,9391,0.941,LOW
455,0.12,144.1,59,35.7,1.9,4227,0.125,HIGH
456,0.48,133.5,72,97.1,6.2,3166,0.797,LOW
457,0.72,521.7,5,93.0,7.3,1702,0.967,LOW
458,0.45,35.4,96,19.4,2.0,2055,0.583,MEDIUM
459,0.75,394.8,85,62.3,5.9,8173,0.987,LOW
460,0.55,280.4,50,67.7,8.3,6783,0.769,LOW
461,0.45,460.5,68,74.0,1.5,9168,0.951,LOW
462,0.97,626.4,99,72.0,5.6,690,1.0,LOW
463,0.4,321.7,16,49.6,7.8,3649,0.358,HIGH
464,0.36,121.6,42,6.2,1.2,8360,0.168,HIGH
465,0.34,498.6,41,79.0,1.4,8059,0.87,LOW
466,0.68,385.7,13,0.8,9.8,6394,0.577,MEDIUM
467,0.5,103.6,0,20.3,4.6,3375,0.126,HIGH
468,0.88,557.5,73,68.3,7.7,6690,0.997,LOW
469,0.16,619.4,19,76.7,6.0,8333,0.586,MEDIUM
470,0.73,232.1,71,73.6,8.2,5434,0.944,LOW
471,0.73,37.0,79,4.5,4.8,7111,0.701,LOW
472,0.8,527.4,43,42.1,1.9,7624,0.988,LOW
473,0.32,278.4,59,94.2,2.2,8298,0.737,LOW
474,0.49,506.1,59,75.1,8.8,9786,0.919,LOW
475,0.83,118.6,74,54.1,6.0,585,0.95,LOW
476,0.14,356.1,33,47.6,10.0,2975,0.138,HIGH
477,0.94,300.8,81,36.9,2.9,633,0.994,LOW
478,0.01,272.4,70,93.7,5.1,1965,0.318,HIGH
479,0.7,200.9,79,71.2,1.1,9192,0.964,LOW
480,0.41,481.1,64,85.4,6.4,4248,0.933,LOW
481,0.78,536.9,62,34.1,8.3,8801,0.982,LOW
482,0.66,58.8,98,16.1,2.2,8160,0.828,LOW
483,0.21,339.4,59,93.1,5.4,4716,0.622,MEDIUM
484,0.1,379.1,21,1.5,1.3,7580,0.086,HIGH
485,0.86,114.0,95,49.3,4.5,5128,0.974,LOW
486,0.93,80.7,43,55.9,1.9,7730,0.935,LOW
487,0.64,277.0,29,28.7,5.5,2114,0.734,LOW
488,0.32,283.0,36,5.7,8.4,9342,0.131,HIGH
489,0.68,388.4,71,86.7,6.6,9958,0.976,LOW
490,0.61,606.4,83,87.6,2.3,7987,0.996,LOW
491,0.39,86.7,27,45.1,4.6,6131,0.16,HIGH
492,0.99,353.7,91,42.4,8.0,4600,0.995,LOW
493,0.57,609.0,43,83.0,4.7,6326,0.981,LOW
494,0.58,615.7,96,94.7,9.3,1135,0.996,LOW
495,0.2,574.1,71,61.7,8.4,2210,0.809,LOW
496,0.78,440.2,88,7.8,9.7,7266,0.972,LOW
497,0.51,590.8,5,38.0,4.9,8542,0.806,LOW
498,0.41,349.1,71,65.4,4.5,6509,0.852,LOW
499,0.51,425.5,75,80.0,6.9,9038,0.946,LOW
500,0.94,374.1,88,9.2,6.2,6425,0.99,LOW
501,0.88,134.2,43,17.6,2.6,1292,0.899,LOW
502,0.87,62.4,43,3.4,7.0,588,0.719,LOW
503,0.77,38.5,63,19.0,7.9,1048,0.705,LOW
504,0.67,367.0,99,96.0,7.1,3459,0.991,LOW
505,0.32,627.6,52,14.2,2.2,8226,0.833,LOW
506,0.98,98.6,57,52.9,2.1,8167,0.967,LOW
507,0.68,63.0,7,7.3,9.8,4997,0.156,HIGH
508,0.25,140.4,60,51.5,7.1,4976,0.196,HIGH
509,0.31,409.3,45,41.6,6.5,5302,0.542,MEDIUM
510,0.89,439.8,76,16.5,8.9,3239,0.987,LOW
511,0.72,582.0,88,68.9,8.5,9117,0.994,LOW
512,0.0,126.7,90,82.9,4.5,6510,0.182,HIGH
513,0.15,35.1,3,48.2,9.0,9675,0.008,HIGH
514,0.98,1.2,36,96.6,1.9,3178,0.001,HIGH
515,0.37,298.3,76,45.6,2.6,3309,0.776,LOW
516,0.19,191.8,59,9.4,2.8,7928,0.126,HIGH
517,0.2,321.5,13,70.7,9.6,5947,0.13,HIGH
518,0.17,167.5,0,7.4,9.7,6738,0.01,HIGH
519,0.06,311.9,24,24.0,9.3,2011,0.039,HIGH
520,0.65,194.7,19,19.5,7.3,4214,0.456,MEDIUM
521,0.39,40.4,22,33.2,5.8,9840,0.068,HIGH
522,0.97,2.3,29,98.2,1.1,9281,0.001,HIGH
523,0.66,409.5,66,56.0,3.7,4969,0.972,LOW
524,0.17,315.4,88,73.8,6.0,6421,0.603,MEDIUM
525,0.93,121.4,85,4.9,1.8,6548,0.963,LOW
526,1.0,428.4,33,39.0,3.2,5255,0.991,LOW
527,0.42,63.0,1,18.4,4.8,7657,0.053,HIGH
528,0.05,511.8,93,35.0,5.1,5950,0.609,MEDIUM
529,0.97,2.6,37,92.4,7.6,9911,0.0,HIGH
530,0.73,581.0,83,42.5,7.2,9584,0.991,LOW
531,0.56,345.4,20,32.9,5.6,7701,0.614,MEDIUM
532,0.14,394.0,38,90.8,6.1,1566,0.462,MEDIUM
533,0.93,525.1,48,9.2,6.6,536,0.99,LOW
534,0.58,221.9,69,97.2,6.8,5083,0.911,LOW
535,0.01,390.0,92,35.3,7.9,2146,0.311,HIGH
536,0.87,86.2,82,66.2,6.4,4679,0.962,LOW
537,0.16,209.2,93,37.6,3.3,7297,0.359,HIGH
538,0.86,238.4,38,22.4,1.5,6178,0.931,LOW
539,0.18,214.4,44,6.6,7.8,7963,0.055,HIGH
540,0.05,61.0,53,78.5,3.3,8650,0.064,HIGH
541,0.8,91.4,20,8.6,3.2,1599,0.632,MEDIUM
542,0.7,160.4,12,39.9,9.4,6208,0.448,MEDIUM
543,0.24,127.3,0,73.4,4.2,4932,0.075,HIGH
544,0.55,54.3,20,90.2,6.8,6609,0.379,HIGH
545,0.99,413.8,99,69.0,8.9,6867,0.998,LOW
546,0.96,508.5,66,61.5,4.2,6015,0.998,LOW
547,0.2,153.4,95,79.7,4.9,1004,0.564,MEDIUM
548,0.93,2.7,43,94.7,4.7,5927,0.001,HIGH
549,0.98,611.1,78,29.0,7.2,3822,0.998,LOW
550,0.08,371.0,75,80.2,8.5,7671,0.395,HIGH
551,0.87,3.0,14,99.5,7.0,2501,0.0,HIGH
552,0.5,120.2,22,50.9,3.3,6636,0.344,HIGH
553,0.96,133.5,40,76.3,3.2,7130,0.967,LOW
554,0.28,179.5,15,95.8,9.5,2029,0.174,HIGH
555,0.77,512.8,80,53.1,2.2,1394,0.996,LOW
556,0.88,1.6,27,94.4,5.7,8515,0.0,HIGH
557,0.53,547.0,99,92.3,2.8,2268,0.995,LOW
558,0.54,74.8,75,33.3,1.5,7353,0.657,MEDIUM
559,0.07,453.2,55,58.9,6.2,2260,0.402,MEDIUM
560,0.85,613.5,76,58.1,1.6,1581,0.999,LOW
561,0.78,542.2,66,31.6,2.8,1397,0.993,LOW
562,0.39,571.7,36,0.2,7.6,4865,0.636,MEDIUM
563,0.51,237.9,88,0.8,5.1,4915,0.727,LOW
564,0.18,629.4,28,59.9,8.9,4896,0.575,MEDIUM
565,0.03,380.2,40,44.4,9.7,9691,0.073,HIGH
566,0.56,379.9,58,67.3,2.5,3368,0.948,LOW
567,0.04,125.7,99,71.4,6.3,9118,0.183,HIGH
568,0.69,525.9,82,55.4,3.2,5566,0.993,LOW
569,0.39,250.9,95,19.1,2.7,8870,0.722,LOW
570,0.65,158.7,50,88.6,4.8,7404,0.864,LOW
571,0.61,119.5,91,97.7,6.0,7870,0.921,LOW
572,0.42,89.2,26,53.6,3.3,3265,0.25,HIGH
573,0.97,1.2,13,91.6,7.9,9878,0.0,HIGH
574,1.0,308.2,20,26.1,3.1,9632,0.959,LOW
575,0.26,185.7,85,3.1,6.4,9953,0.201,HIGH
576,0.31,400.5,71,8.0,9.3,5068,0.467,MEDIUM
577,0.31,525.8,60,2.9,2.1,5844,0.744,LOW
578,0.2,248.9,75,42.9,6.9,701,0.357,HIGH
579,0.42,79.6,34,58.4,6.8,2920,0.237,HIGH
580,0.15,136.8,63,29.4,3.4,5193,0.119,HIGH
581,0.54,49.8,66,99.5,1.1,945,0.852,LOW
582,0.38,247.6,85,54.7,1.9,3941,0.816,LOW
583,0.72,154.6,11,80.9,2.6,8690,0.775,LOW
584,0.03,444.0,26,54.6,7.6,6315,0.128,HIGH
585,0.4,385.7,5,15.7,3.4,7188,0.324,HIGH
586,0.3,52.6,63,90.5,8.4,3781,0.281,HIGH
587,0.15,468.7,34,29.8,2.5,3019,0.369,HIGH
588,0.08,134.5,61,92.2,3.7,3107,0.206,HIGH
589,0.4,386.3,30,13.5,9.3,3771,0.358,HIGH
590,0.51,278.3,66,70.9,8.3,5927,0.815,LOW
591,0.69,249.9,3,10.3,4.8,4511,0.514,MEDIUM
592,0.38,146.4,14,29.8,4.8,7971,0.114,HIGH
593,0.65,587.1,5,29.0,3.7,2786,0.926,LOW
594,1.0,490.3,98,86.0,9.6,7609,0.999,LOW
595,0.93,370.3,84,58.3,5.7,1330,0.996,LOW
596,0.61,584.8,78,27.0,10.0,9846,0.964,LOW
597,0.31,93.2,64,20.5,6.7,1868,0.164,HIGH
598,0.48,112.3,91,97.8,6.7,2973,0.851,LOW
599,0.99,364.5,81,23.2,8.0,1802,0.993,LOW
600,0.34,413.4,70,62.5,5.2,3158,0.842,LOW
601,0.65,132.9,59,81.8,7.8,7878,0.813,LOW
602,0.61,100.4,95,80.9,1.8,3706,0.943,LOW
603,0.17,621.8,65,32.9,2.7,3211,0.816,LOW
604,0.63,474.0,56,26.8,3.6,8309,0.946,LOW
605,0.36,476.9,12,78.6,4.0,3238,0.734,LOW
606,0.57,627.7,79,95.4,1.8,966,0.997,LOW
607,0.85,1.9,29,93.4,8.9,661,0.0,HIGH
608,0.14,624.2,9,26.7,3.6,8381,0.333,HIGH
609,0.61,288.2,32,21.6,9.9,6531,0.538,MEDIUM
610,0.78,450.9,81,72.1,1.1,2553,0.997,LOW
611,0.51,597.6,87,64.0,5.2,718,0.99,LOW
612,0.27,309.6,98,48.2,6.1,4947,0.709,LOW
613,0.68,182.5,62,32.5,6.1,9959,0.778,LOW
614,0.91,418.8,65,14.2,3.5,9968,0.987,LOW
615,0.85,97.0,36,4.4,1.2,6444,0.787,LOW
616,0.43,354.7,52,68.8,8.1,2954,0.768,LOW
617,0.93,194.4,44,83.1,6.5,8212,0.969,LOW
618,0.87,603.3,42,69.7,5.5,3111,0.996,LOW
619,0.88,256.6,88,99.6,8.1,1738,0.994,LOW
620,0.9,296.9,28,36.3,1.9,7506,0.958,LOW
621,0.04,282.5,58,79.8,2.6,7633,0.265,HIGH
622,0.79,375.2,72,18.0,7.3,7545,0.96,LOW
623,0.76,395.1,89,92.6,7.2,5082,0.993,LOW
624,0.05,259.5,74,61.7,5.0,8999,0.211,HIGH
625,0.33,191.7,32,96.3,4.5,2644,0.463,MEDIUM
626,0.9,1.3,44,97.1,9.9,3188,0.0,HIGH
627,0.13,608.1,9,14.4,3.9,4244,0.285,HIGH
628,0.84,354.6,36,96.9,7.3,9972,0.975,LOW
629,0.77,516.1,64,96.0,4.2,2101,0.997,LOW
630,0.24,493.6,48,85.9,2.0,8727,0.804,LOW
631,0.9,324.8,79,21.6,8.3,8839,0.974,LOW
632,0.31,221.2,95,22.2,8.1,6109,0.447,MEDIUM
633,0.21,184.3,27,66.4,6.6,3032,0.128,HIGH
634,0.72,80.0,81,82.4,8.2,6758,0.903,LOW
635,0.41,488.8,42,91.6,2.1,9218,0.92,LOW
636,0.33,511.3,18,87.9,8.2,8118,0.66,MEDIUM
637,0.86,3.9,40,96.2,5.0,3901,0.0,HIGH
638,0.13,159.7,61,39.9,2.9,9032,0.121,HIGH
639,0.68,225.1,53,58.3,9.1,5880,0.826,LOW
640,0.58,587.4,49,30.6,9.8,4672,0.929,LOW
641,0.24,377.2,25,33.2,6.9,9106,0.188,HIGH
642,0.52,541.2,64,79.8,9.6,4858,0.962,LOW
643,0.46,140.1,19,4.6,10.0,3613,0.09,HIGH
644,0.19,227.4,0,55.5,8.6,4820,0.047,HIGH
645,0.26,551.0,27,71.6,8.1,8480,0.6,MEDIUM
646,0.48,542.9,86,78.5,7.9,6795,0.976,LOW
647,0.4,371.9,48,3.9,3.1,4307,0.583,MEDIUM
648,0.85,619.4,65,34.9,1.3,3011,0.998,LOW
649,0.18,176.3,10,16.4,8.7,1441,0.023,HIGH
650,0.87,430.4,91,95.5,8.9,5114,0.997,LOW
651,0.22,563.5,28,75.4,2.7,9985,0.711,LOW
652,0.4,471.8,6,66.6,1.5,6944,0.726,LOW
653,0.89,209.3,23,1.0,5.1,7732,0.796,LOW
654,0.64,362.7,83,51.6,7.1,4360,0.96,LOW
655,0.81,565.0,59,55.7,4.2,7793,0.994,LOW
656,0.45,161.0,53,93.7,5.2,9953,0.636,MEDIUM
657,0.98,276.5,4,13.0,4.0,2894,0.91,LOW
658,0.46,566.8,59,70.9,6.1,6500,0.954,LOW
659,0.37,399.9,63,27.0,6.2,4333,0.681,MEDIUM
660,0.75,119.2,19,66.2,4.2,8169,0.738,LOW
661,0.47,394.5,25,90.9,7.6,2643,0.797,LOW
662,0.24,382.6,41,51.6,4.4,3587,0.463,MEDIUM
663,0.82,311.0,41,27.0,3.4,5804,0.941,LOW
664,0.63,248.4,99,84.1,2.1,6541,0.981,LOW
665,0.38,546.3,36,82.0,3.3,9912,0.889,LOW
666,0.84,477.6,93,90.9,2.2,6731,0.999,LOW
667,0.85,102.9,36,23.4,6.8,4136,0.751,LOW
668,0.94,427.6,99,78.8,9.2,9146,0.998,LOW
669,0.91,166.5,41,61.2,1.9,1982,0.967,LOW
670,0.98,87.7,13,94.2,7.4,9824,0.899,LOW
671,0.02,370.5,82,69.3,4.1,9207,0.404,MEDIUM
672,0.31,383.5,41,64.9,2.0,2360,0.705,LOW
673,0.71,53.2,9,41.7,7.6,7191,0.327,HIGH
674,0.62,31.5,63,43.7,3.8,4815,0.654,MEDIUM
675,0.4,288.1,13,15.9,8.4,7807,0.145,HIGH
676,0.49,402.9,44,29.8,9.0,7816,0.65,MEDIUM
677,0.21,56.9,30,25.0,5.7,1614,0.039,HIGH
678,0.52,205.9,58,50.8,3.3,4723,0.752,LOW
679,0.88,513.6,30,14.5,6.9,4144,0.973,LOW
680,0.6,277.4,69,84.7,7.7,7702,0.914,LOW
681,0.03,480.7,56,55.6,5.5,3456,0.376,HIGH
682,0.95,3.9,35,90.2,5.0,3427,0.001,HIGH
683,0.52,54.4,26,18.0,2.8,1909,0.242,HIGH
684,0.47,119.7,39,99.3,4.8,1309,0.637,MEDIUM
685,0.64,589.7,55,68.7,3.2,6878,0.989,LOW
686,0.26,184.5,8,26.5,3.9,3405,0.07,HIGH
687,0.04,455.3,76,98.1,4.3,7938,0.66,MEDIUM
688,0.94,2.2,22,97.5,9.9,7772,0.0,HIGH
689,0.84,377.6,14,11.2,9.6,2362,0.846,LOW
690,0.95,2.8,42,98.3,6.0,9240,0.001,HIGH
691,0.39,355.2,50,78.1,2.4,2084,0.845,LOW
692,0.81,356.0,6,83.2,2.1,5962,0.96,LOW
693,0.26,496.1,40,9.1,6.5,5779,0.402,MEDIUM
694,0.33,112.7,63,9.6,2.4,5358,0.221,HIGH
695,0.2,259.5,37,23.6,1.1,6665,0.18,HIGH
696,0.06,411.0,31,27.2,3.2,7513,0.129,HIGH
697,0.34,507.6,36,23.2,6.1,7320,0.583,MEDIUM
698,0.35,601.7,33,95.4,2.1,5448,0.938,LOW
699,0.98,1.0,11,91.5,3.6,4912,0.0,HIGH
700,0.98,140.5,30,31.7,4.0,2947,0.927,LOW
701,0.96,452.1,83,78.0,3.5,872,0.999,LOW
702,0.9,515.5,77,11.1,3.7,1644,0.996,LOW
703,0.12,120.8,26,13.7,5.3,7825,0.019,HIGH
704,0.68,422.7,33,34.2,1.6,7192,0.932,LOW
705,0.01,566.9,2,64.1,6.4,5099,0.17,HIGH
706,0.76,115.7,29,39.3,2.3,5250,0.764,LOW
707,0.48,375.0,49,55.1,5.7,5572,0.815,LOW
708,0.15,267.3,62,81.0,9.4,2763,0.3,HIGH
709,0.9,411.5,77,29.7,5.8,6054,0.991,LOW
710,0.1,310.0,45,73.7,6.8,1987,0.231,HIGH
711,0.36,66.4,11,92.2,8.4,2105,0.138,HIGH
712,0.15,155.9,79,57.9,5.3,2566,0.265,HIGH
713,0.42,522.9,46,8.2,8.7,2830,0.697,MEDIUM
714,0.98,265.1,58,74.9,1.9,3204,0.994,LOW
715,0.74,555.9,97,49.8,1.6,8719,0.997,LOW
716,0.85,269.9,10,77.8,6.8,5642,0.914,LOW
717,0.34,323.4,89,76.6,4.9,3989,0.867,LOW
718,0.8,610.9,31,87.7,9.5,4713,0.991,LOW
719,0.04,108.6,55,86.6,5.0,6347,0.091,HIGH
720,0.53,87.8,11,96.3,9.6,3872,0.325,HIGH
721,0.44,579.7,35,70.9,6.0,2168,0.922,LOW
722,0.36,607.6,83,54.5,4.5,1852,0.967,LOW
723,0.22,165.9,29,81.0,3.6,1711,0.216,HIGH
724,0.42,206.3,13,30.6,1.1,5624,0.275,HIGH
725,0.92,564.2,36,7.0,9.6,2444,0.981,LOW
726,0.57,151.8,63,62.0,4.6,1403,0.803,LOW
727,0.78,467.7,39,45.2,7.0,3238,0.971,LOW
728,0.97,621.5,56,36.6,7.6,2004,0.998,LOW
729,0.65,183.3,50,37.2,6.2,5681,0.73,LOW
730,0.96,492.1,30,14.4,6.1,6530,0.981,LOW
731,0.18,42.1,56,96.3,9.8,5213,0.108,HIGH
732,0.88,77.5,64,4.3,7.8,6751,0.799,LOW
733,0.64,622.2,49,94.5,1.6,1221,0.995,LOW
734,0.93,1.3,25,96.2,1.5,6053,0.001,HIGH
735,0.29,612.1,3,9.3,1.6,6128,0.507,MEDIUM
736,0.3,334.4,60,27.4,4.3,3412,0.512,MEDIUM
737,0.58,589.8,15,15.3,8.0,6723,0.82,LOW
738,0.54,56.9,74,57.2,5.9,9617,0.591,MEDIUM
739,0.79,598.9,25,96.7,9.6,3169,0.991,LOW
740,0.88,192.0,20,51.3,2.2,8726,0.903,LOW
741,0.6,434.1,95,83.7,5.2,5165,0.989,LOW
742,0.81,120.0,25,44.2,6.1,8153,0.719,LOW
743,0.06,372.0,66,26.5,4.6,4216,0.238,HIGH
744,0.41,622.4,58,39.2,1.5,8102,0.946,LOW
745,0.02,478.7,7,52.5,5.9,9477,0.094,HIGH
746,0.9,391.2,97,20.6,9.4,3197,0.991,LOW
747,0.67,457.4,65,26.9,5.0,1403,0.969,LOW
748,0.6,296.7,33,35.7,1.3,1779,0.834,LOW
749,0.42,67.1,94,18.4,6.1,8138,0.391,HIGH
750,0.29,177.7,14,73.8,1.8,8890,0.203,HIGH
751,0.98,394.4,78,22.8,4.1,6736,0.994,LOW
752,0.45,129.6,13,98.6,2.3,9729,0.418,MEDIUM
753,0.75,548.4,96,32.7,6.0,6794,0.994,LOW
754,0.03,376.9,89,96.7,9.4,523,0.543,MEDIUM
755,0.4,293.2,10,30.7,9.2,6518,0.17,HIGH
756,0.91,508.6,17,98.2,9.9,6725,0.989,LOW
757,0.69,585.5,67,58.6,6.9,7780,0.989,LOW
758,0.91,415.4,52,70.8,9.5,6633,0.988,LOW
759,0.16,537.6,89,73.7,4.7,7661,0.868,LOW
760,0.83,568.3,68,36.3,2.7,9538,0.995,LOW
761,0.91,108.1,0,55.7,8.0,4458,0.732,LOW
762,0.3,124.6,96,29.0,4.9,1380,0.447,MEDIUM
763,0.54,300.4,11,47.2,9.5,1139,0.476,MEDIUM
764,0.48,177.0,16,25.2,3.3,8341,0.248,HIGH
765,0.97,291.5,56,71.4,2.2,9352,0.992,LOW
766,0.74,599.3,46,49.2,2.2,4365,0.992,LOW
767,0.87,2.6,41,97.4,1.1,980,0.001,HIGH
768,0.9,572.7,76,56.6,3.0,5920,0.998,LOW
769,0.32,177.9,95,51.4,6.0,5516,0.585,MEDIUM
770,0.07,44.2,73,3.0,3.0,4428,0.039,HIGH
771,0.79,536.8,34,13.8,9.0,9818,0.943,LOW
772,0.54,575.7,97,34.9,5.8,2237,0.985,LOW
773,0.49,614.8,68,42.6,9.9,7765,0.94,LOW
774,0.73,295.5,13,16.1,6.1,4153,0.699,MEDIUM
775,0.45,368.0,46,33.2,7.9,4716,0.625,MEDIUM
776,0.07,241.7,97,96.1,2.6,5365,0.592,MEDIUM
777,0.48,113.1,0,57.8,8.7,8467,0.122,HIGH
778,0.13,606.6,19,82.7,6.0,4586,0.575,MEDIUM
779,0.55,269.9,1,51.1,2.8,6671,0.531,MEDIUM
780,0.21,91.7,90,27.8,4.2,1590,0.243,HIGH
781,0.97,450.4,13,58.3,1.2,2319,0.992,LOW
782,0.18,100.0,36,77.7,7.3,1942,0.096,HIGH
783,0.79,514.1,26,72.9,3.7,6934,0.985,LOW
784,0.15,478.0,60,98.3,6.9,6021,0.715,LOW
785,0.83,270.0,12,52.1,4.9,8097,0.873,LOW
786,0.17,396.5,15,3.2,1.6,7911,0.124,HIGH
787,0.03,360.6,19,19.3,3.1,1652,0.069,HIGH
788,0.07,413.7,16,47.4,6.8,2452,0.113,HIGH
789,0.76,198.6,0,26.9,3.5,5564,0.624,MEDIUM
790,0.32,155.0,17,7.4,8.0,2348,0.054,HIGH
791,0.51,580.7,73,44.0,9.8,6599,0.949,LOW
792,0.31,386.7,18,36.0,7.1,5470,0.28,HIGH
793,0.93,2.3,33,96.1,6.7,4975,0.0,HIGH
794,0.7,64.1,98,47.6,2.7,5997,0.921,LOW
795,0.09,451.2,32,12.4,3.9,2990,0.176,HIGH
796,0.63,338.3,45,16.9,9.8,670,0.759,LOW
797,0.02,216.2,45,20.6,2.0,5934,0.055,HIGH
798,0.34,170.3,31,29.6,4.8,1067,0.197,HIGH
799,0.08,281.5,64,51.7,2.6,9859,0.223,HIGH
800,0.79,492.0,74,19.9,5.6,5890,0.986,LOW
801,0.58,302.0,29,22.1,7.4,6501,0.558,MEDIUM
802,0.01,249.6,54,56.9,5.9,4346,0.102,HIGH
803,0.93,161.6,29,9.4,4.0,5204,0.864,LOW
804,0.53,151.9,63,70.7,5.5,2980,0.767,LOW
805,0.69,586.0,79,93.5,7.7,1525,0.996,LOW
806,0.2,50.3,71,82.9,4.0,3454,0.264,HIGH
807,0.83,474.0,48,68.7,2.3,2926,0.994,LOW
808,0.67,458.7,83,79.7,5.1,4660,0.991,LOW
809,0.32,146.8,32,10.7,1.8,7896,0.125,HIGH
810,0.55,119.5,19,25.5,6.6,9511,0.205,HIGH
811,0.39,279.3,8,73.8,6.0,8633,0.328,HIGH
812,0.11,608.5,88,81.5,4.3,8969,0.887,LOW
813,0.2,213.3,72,16.7,3.8,9455,0.197,HIGH
814,0.07,483.1,88,74.5,8.0,2702,0.692,MEDIUM
815,0.29,251.4,98,8.6,8.0,2314,0.466,MEDIUM
816,0.72,348.7,70,69.0,8.9,2810,0.969,LOW
817,0.06,507.4,42,15.2,1.2,8034,0.279,HIGH
818,0.95,253.2,44,43.2,3.0,3504,0.978,LOW
819,0.66,198.9,36,83.2,1.1,1963,0.91,LOW
820,0.65,316.0,29,50.4,4.7,7534,0.823,LOW
821,0.59,36.0,14,40.7,7.8,5744,0.191,HIGH
822,0.19,628.0,71,61.7,2.6,2236,0.915,LOW
823,0.25,431.6,16,97.1,3.5,2728,0.62,MEDIUM
824,0.39,360.7,5,1.2,8.0,7972,0.145,HIGH
825,0.41,617.0,78,55.1,7.9,1835,0.962,LOW
826,0.97,216.0,72,38.3,8.3,9048,0.972,LOW
827,0.6,49.5,96,7.1,3.2,7866,0.691,MEDIUM
828,0.85,1.9,38,99.2,2.3,5198,0.001,HIGH
829,1.0,406.7,20,95.4,2.4,2412,0.996,LOW
830,0.33,583.1,13,21.5,8.6,975,0.506,MEDIUM
831,0.51,343.0,89,35.8,1.4,1585,0.944,LOW
832,0.65,478.6,67,55.1,7.2,9915,0.966,LOW
833,0.81,326.6,51,57.2,4.5,1245,0.976,LOW
834,0.05,304.1,96,22.0,3.7,2980,0.329,HIGH
835,0.87,330.6,48,47.7,4.5,3371,0.977,LOW
836,0.55,327.2,28,48.7,3.4,538,0.8,LOW
837,0.0,629.6,74,54.5,7.3,3920,0.634,MEDIUM
838,0.99,540.0,97,29.8,7.0,1495,0.999,LOW
839,1.0,611.3,99,26.0,5.8,9197,0.999,LOW
840,0.71,132.0,32,71.9,5.6,2960,0.794,LOW
841,0.4,553.6,99,89.0,6.2,5578,0.982,LOW
842,0.37,378.2,23,88.5,1.1,1823,0.779,LOW
843,0.95,3.8,27,93.4,5.7,781,0.001,HIGH
844,0.82,275.6,60,55.4,3.8,2709,0.975,LOW
845,0.27,140.2,4,9.1,2.2,2344,0.05,HIGH
846,0.14,220.7,64,14.7,2.6,5432,0.16,HIGH
847,0.97,407.1,15,24.4,8.5,4064,0.955,LOW
848,0.91,203.6,21,91.3,5.7,6245,0.954,LOW
849,0.57,434.2,75,11.5,5.2,593,0.932,LOW
850,0.09,440.9,87,53.2,6.7,5653,0.562,MEDIUM
851,0.89,130.0,45,92.2,9.1,6513,0.937,LOW
852,0.83,266.9,34,69.2,1.9,5611,0.965,LOW
853,0.68,535.4,88,46.8,9.7,1660,0.988,LOW
854,0.71,323.9,90,80.4,3.3,7477,0.988,LOW
855,0.91,585.7,0,46.6,7.0,1060,0.984,LOW
856,0.52,312.5,78,27.3,8.0,1412,0.826,LOW
857,0.61,195.2,81,29.0,6.2,8697,0.805,LOW
858,0.97,276.0,87,73.9,8.6,9899,0.993,LOW
859,0.51,413.2,67,1.2,6.3,6615,0.783,LOW
860,0.91,2.9,37,96.1,4.4,5388,0.001,HIGH
861,0.54,503.8,35,38.8,9.6,8103,0.811,LOW
862,0.31,569.7,73,20.0,7.0,5692,0.812,LOW
863,0.03,396.9,81,17.7,7.7,6027,0.199,HIGH
864,0.43,259.6,90,24.7,1.4,1222,0.84,LOW
865,0.37,379.2,10,45.5,6.8,4096,0.354,HIGH
866,0.61,588.0,45,58.1,2.0,8506,0.979,LOW
867,0.41,409.5,29,35.3,7.8,4268,0.532,MEDIUM
868,0.53,146.3,15,92.2,7.2,2247,0.503,MEDIUM
869,0.7,199.6,28,51.2,9.4,6175,0.662,MEDIUM
870,0.41,352.5,13,58.3,7.6,2580,0.443,MEDIUM
871,0.28,559.2,64,97.1,9.1,8944,0.875,LOW
872,0.92,2.3,39,97.5,4.8,1766,0.001,HIGH
873,0.97,73.8,20,81.9,7.9,5781,0.892,LOW
874,0.49,620.1,84,8.4,2.6,5665,0.972,LOW
875,0.04,515.1,0,40.9,7.0,3042,0.099,HIGH
876,0.8,311.5,53,67.7,7.4,6381,0.962,LOW
877,0.95,100.0,88,30.6,3.2,8923,0.972,LOW
878,0.78,87.9,42,60.9,6.8,1135,0.825,LOW
879,0.05,160.1,13,94.3,1.3,9131,0.067,HIGH
880,0.78,291.4,80,85.8,8.2,2368,0.985,LOW
881,0.24,438.2,51,87.9,4.4,6854,0.734,LOW
882,0.96,1.3,41,98.9,1.8,9213,0.001,HIGH
883,0.95,4.3,16,98.9,9.3,6126,0.0,HIGH
884,0.32,88.2,8,78.3,3.0,4695,0.144,HIGH
885,0.98,330.9,71,20.1,7.3,9682,0.983,LOW
886,0.41,360.7,55,32.3,8.0,8794,0.559,MEDIUM
887,0.57,545.0,9,58.2,4.2,7944,0.894,LOW
888,0.18,586.3,53,54.0,1.6,9255,0.774,LOW
889,0.13,120.4,71,13.9,3.3,7664,0.081,HIGH
890,0.02,584.5,44,52.6,8.7,4738,0.332,HIGH
891,0.01,529.6,34,83.1,7.0,4223,0.345,HIGH
892,0.87,290.0,36,49.1,3.4,9008,0.955,LOW
893,0.83,516.5,1,31.2,3.3,5421,0.958,LOW
894,0.17,283.3,70,11.9,1.3,1830,0.324,HIGH
895,0.35,377.0,51,70.2,4.5,3573,0.759,LOW
896,0.3,183.6,43,31.4,5.5,2332,0.2,HIGH
897,0.57,228.5,26,14.0,4.7,7345,0.446,MEDIUM
898,0.9,320.6,18,43.6,1.3,2957,0.967,LOW
899,0.75,564.0,99,72.3,6.0,8918,0.997,LOW
900,0.07,59.1,87,99.0,2.3,4788,0.28,HIGH
901,0.4,246.4,47,54.3,2.4,8036,0.57,MEDIUM
902,0.84,277.7,28,35.3,4.3,4912,0.915,LOW
903,0.7,449.7,19,76.2,2.8,2087,0.967,LOW
904,0.32,409.7,41,88.5,3.0,7407,0.77,LOW
905,0.83,169.6,19,25.1,1.2,6244,0.823,LOW
906,0.25,342.1,71,81.3,5.7,4883,0.706,LOW
907,0.39,165.2,53,74.8,2.0,3699,0.614,MEDIUM
908,0.25,359.5,85,22.9,8.7,9286,0.446,MEDIUM
909,0.84,463.4,34,15.9,1.6,4799,0.976,LOW
910,0.45,605.0,30,58.1,6.5,4612,0.897,LOW
911,0.14,166.7,35,80.8,1.4,3895,0.191,HIGH
912,0.76,270.2,27,1.7,2.2,2038,0.829,LOW
913,0.14,171.2,95,46.2,3.6,2764,0.366,HIGH
914,0.61,179.1,67,89.1,5.4,7881,0.892,LOW
915,0.99,530.6,10,17.8,1.8,6029,0.988,LOW
916,0.22,323.1,99,22.4,6.4,5210,0.545,MEDIUM
917,0.09,542.1,8,90.2,1.7,7823,0.449,MEDIUM
918,0.11,170.5,98,65.3,4.4,1275,0.408,MEDIUM
919,0.49,346.4,34,52.7,8.0,3008,0.668,MEDIUM
920,0.41,61.3,43,22.7,1.7,2588,0.242,HIGH
921,0.06,298.6,86,24.8,4.1,2354,0.279,HIGH
922,0.71,307.9,55,27.8,3.3,6937,0.92,LOW
923,0.61,491.1,32,20.2,6.5,5256,0.867,LOW
924,0.74,593.2,15,50.6,9.4,4596,0.957,LOW
925,0.64,67.2,83,71.5,4.8,9098,0.854,LOW
926,0.91,605.6,69,18.1,5.6,901,0.997,LOW
927,0.62,551.8,60,68.7,2.5,9279,0.986,LOW
928,0.22,376.8,51,19.3,4.8,6807,0.317,HIGH
929,0.3,154.7,90,19.7,5.0,2801,0.388,HIGH
930,0.21,334.0,72,31.6,6.0,8908,0.379,HIGH
931,0.44,421.9,6,35.3,2.4,4699,0.584,MEDIUM
932,0.19,350.2,52,42.5,2.4,3782,0.428,MEDIUM
933,0.32,520.4,41,35.0,1.7,6271,0.755,LOW
934,0.68,448.0,65,33.1,6.1,4790,0.963,LOW
935,0.99,1.5,34,91.6,9.5,5770,0.0,HIGH
936,0.03,113.6,81,70.8,8.9,7312,0.086,HIGH
937,0.2,37.6,69,82.1,5.1,8296,0.18,HIGH
938,0.87,591.6,66,33.3,6.0,4706,0.996,LOW
939,0.56,161.3,99,25.2,4.3,1824,0.855,LOW
940,0.28,368.3,72,2.8,5.9,4093,0.459,MEDIUM
941,0.9,351.1,11,52.4,6.2,2346,0.953,LOW
942,0.99,251.9,77,79.0,2.5,2615,0.996,LOW
943,0.27,254.5,45,10.5,2.5,6883,0.211,HIGH
944,0.34,584.4,87,79.4,3.5,3157,0.976,LOW
945,0.77,64.6,78,81.5,3.7,7099,0.944,LOW
946,0.24,264.2,67,67.5,5.2,9720,0.442,MEDIUM
947,0.09,345.8,73,3.8,7.4,647,0.181,HIGH
948,0.28,581.5,53,83.4,7.4,771,0.89,LOW
949,0.08,491.0,57,20.0,4.0,5368,0.347,HIGH
950,0.41,268.1,59,18.7,1.0,7518,0.601,MEDIUM
951,0.49,230.1,14,47.2,6.5,2371,0.385,HIGH
952,0.77,414.0,43,67.1,1.8,9757,0.98,LOW
953,0.78,328.9,77,30.6,8.6,8444,0.952,LOW
954,0.07,201.1,50,32.7,1.9,1845,0.104,HIGH
955,0.18,73.6,73,22.4,8.8,3162,0.069,HIGH
956,0.5,398.3,3,94.8,5.5,9651,0.729,LOW
957,0.7,512.5,70,74.9,1.7,2515,0.995,LOW
958,0.27,64.2,89,51.5,7.1,757,0.319,HIGH
959,0.63,243.9,14,81.0,7.3,6140,0.715,LOW
960,0.9,225.0,4,18.4,7.4,4491,0.762,LOW
961,0.72,427.8,95,5.8,9.5,5390,0.966,LOW
962,0.0,288.0,52,28.7,8.6,3148,0.055,HIGH
963,0.24,530.7,7,62.5,2.2,2409,0.589,MEDIUM
964,0.77,319.2,92,39.6,5.6,1681,0.983,LOW
965,0.75,347.2,16,11.6,8.1,8832,0.715,LOW
966,0.0,48.9,71,81.9,8.9,3494,0.053,HIGH
967,0.52,270.1,90,5.5,8.5,8266,0.706,LOW
968,0.17,43.4,69,79.0,3.2,2124,0.221,HIGH
969,0.77,129.2,68,40.6,8.4,9793,0.823,LOW
970,0.7,295.6,88,95.8,4.9,3522,0.987,LOW
971,0.94,267.2,40,90.5,4.1,1721,0.989,LOW
972,0.12,586.0,6,47.2,1.9,7765,0.349,HIGH
973,0.62,586.6,64,35.9,2.3,5037,0.984,LOW
974,0.28,620.9,42,52.6,8.3,2193,0.793,LOW
975,0.13,79.7,28,63.9,2.0,9303,0.052,HIGH
976,0.15,328.3,94,43.5,3.8,5017,0.567,MEDIUM
977,0.34,110.6,60,20.9,8.2,7368,0.144,HIGH
978,0.71,301.2,15,15.1,8.9,9100,0.574,MEDIUM
979,0.07,92.2,86,82.5,2.6,5257,0.247,HIGH
980,0.36,350.1,12,17.5,9.5,5756,0.164,HIGH
981,0.44,89.1,37,44.7,2.2,2454,0.345,HIGH
982,0.88,170.9,3,69.7,1.1,2158,0.914,LOW
983,0.42,444.7,13,93.4,4.4,4041,0.797,LOW
984,0.97,2.5,33,95.8,4.7,3880,0.001,HIGH
985,0.98,99.0,33,1.3,6.9,1849,0.827,LOW
986,0.37,431.6,44,22.8,9.0,1044,0.542,MEDIUM
987,0.23,502.3,79,76.2,9.0,7125,0.802,LOW
988,0.34,466.6,64,63.2,8.7,1972,0.824,LOW
989,0.68,592.6,54,3.0,8.8,4855,0.954,LOW
990,0.51,36.1,23,16.8,1.0,7612,0.186,HIGH
991,0.82,333.3,79,87.6,2.2,7410,0.994,LOW
992,0.04,275.3,29,95.4,1.0,9823,0.179,HIGH
993,0.38,437.0,82,17.2,8.0,6229,0.756,LOW
994,0.18,473.5,0,42.4,7.6,3720,0.169,HIGH
995,0.32,129.2,91,3.6,9.3,4387,0.217,HIGH
996,0.23,415.0,64,88.9,5.4,1688,0.782,LOW
997,0.29,393.3,39,19.3,6.4,1009,0.378,HIGH
998,0.92,109.1,25,80.1,8.6,4924,0.893,LOW
999,0.48,470.3,26,29.0,2.2,3051,0.8,LOW
1000,0.74,528.4,90,11.3,9.1,5178,0.984,LOW
1001,0.95,4.6,12,97.2,3.2,3929,0.0,HIGH
1002,0.88,2.3,41,93.6,4.2,3961,0.001,HIGH
1003,0.75,398.5,93,27.6,9.2,6973,0.974,LOW
1004,0.9,533.7,48,57.4,3.8,7276,0.995,LOW
1005,0.78,629.9,89,52.8,5.8,9483,0.997,LOW
1006,0.42,610.2,96,39.2,8.3,3551,0.966,LOW
1007,0.25,40.1,25,47.1,4.2,2096,0.065,HIGH
1008,0.68,342.1,79,68.4,3.1,5423,0.981,LOW
1009,0.51,477.1,67,67.7,9.0,9873,0.923,LOW
1010,0.07,117.9,51,21.5,3.3,688,0.05,HIGH
1011,0.09,86.3,61,46.2,6.2,1387,0.069,HIGH
1012,0.38,107.1,44,57.8,2.5,5935,0.342,HIGH
1013,0.99,608.6,91,66.6,2.7,4518,1.0,LOW
1014,0.73,304.8,96,69.3,4.7,4020,0.988,LOW
1015,0.39,588.8,99,56.7,9.1,6936,0.963,LOW
1016,0.76,203.5,64,70.7,9.5,5729,0.922,LOW
1017,0.65,555.9,94,58.1,7.4,1896,0.993,LOW
1018,0.73,152.2,10,91.4,3.3,3721,0.827,LOW
1019,0.45,600.0,57,28.7,9.0,3032,0.898,LOW
1020,0.99,103.4,38,34.1,8.7,9844,0.86,LOW
1021,0.17,389.0,86,48.1,1.8,7235,0.691,MEDIUM
1022,0.88,475.6,55,87.3,1.6,9139,0.997,LOW
1023,0.98,1.2,35,94.3,4.1,2156,0.001,HIGH
1024,0.86,244.2,46,88.8,2.3,9406,0.978,LOW
1025,0.99,233.8,24,64.1,2.5,5603,0.975,LOW
1026,0.82,575.7,29,80.8,7.2,8501,0.989,LOW
1027,0.0,301.2,86,21.6,3.6,5916,0.186,HIGH
1028,0.98,446.1,41,93.9,4.6,2697,0.997,LOW
1029,0.55,84.9,11,60.1,5.7,6066,0.283,HIGH
1030,0.58,253.3,48,92.0,8.2,4581,0.843,LOW
1031,0.95,34.3,8,43.5,1.5,3948,0.821,LOW
1032,0.07,328.2,69,28.8,3.6,3241,0.254,HIGH
1033,0.05,397.7,70,7.1,4.4,605,0.241,HIGH
1034,0.88,628.6,14,85.5,6.9,2264,0.995,LOW
1035,0.03,159.7,79,48.1,6.3,7630,0.096,HIGH
1036,0.13,530.1,47,45.9,6.8,2699,0.477,MEDIUM
1037,0.34,246.0,90,83.6,9.8,7914,0.696,MEDIUM
1038,0.27,335.4,11,79.6,6.3,3938,0.306,HIGH
1039,0.72,315.7,49,1.6,6.1,6130,0.835,LOW
1040,0.04,453.4,77,39.6,4.5,3359,0.455,MEDIUM
1041,0.75,584.3,86,26.2,6.5,8822,0.992,LOW
1042,0.19,139.6,29,21.8,2.3,4965,0.065,HIGH
1043,0.56,137.7,13,55.2,4.9,8852,0.358,HIGH
1044,0.81,488.1,74,55.0,3.8,1779,0.995,LOW
1045,0.06,465.2,75,55.2,9.3,2538,0.43,MEDIUM
1046,0.03,469.0,4,7.7,1.6,6436,0.069,HIGH
1047,0.57,103.7,47,2.9,6.9,5530,0.306,HIGH
1048,0.91,461.4,91,92.8,2.1,1257,0.999,LOW
1049,0.67,205.0,67,29.7,8.9,6676,0.781,LOW
1050,0.26,255.4,93,45.1,1.7,1309,0.72,LOW
1051,0.74,236.8,80,97.9,4.2,5581,0.983,LOW
1052,0.64,624.1,66,22.6,7.4,8248,0.976,LOW
1053,0.96,4.8,45,90.3,4.9,5455,0.001,HIGH
1054,0.76,568.0,38,39.5,8.3,1669,0.977,LOW
1055,0.48,419.1,48,56.6,9.7,4915,0.785,LOW
1056,0.22,472.6,89,31.9,7.2,6849,0.698,MEDIUM
1057,0.11,532.4,56,72.7,9.8,2299,0.552,MEDIUM
1058,0.77,222.3,9,54.1,4.6,9528,0.761,LOW
1059,0.04,274.7,63,36.5,5.4,1753,0.143,HIGH
1060,0.51,515.0,24,20.6,9.6,1725,0.725,LOW
1061,0.76,557.1,61,83.2,1.1,3089,0.997,LOW
1062,0.66,252.4,89,77.8,9.6,2138,0.957,LOW
1063,0.16,222.9,1,29.9,5.8,9950,0.026,HIGH
1064,0.03,344.6,10,38.2,5.4,1096,0.054,HIGH
1065,0.77,376.7,29,57.6,1.8,2202,0.968,LOW
1066,0.72,402.5,55,62.8,7.7,2570,0.967,LOW
1067,0.75,350.4,34,68.3,5.9,7903,0.94,LOW
1068,0.77,384.5,93,80.6,5.9,8004,0.993,LOW
1069,0.59,433.8,90,93.4,6.0,6164,0.986,LOW
1070,0.28,295.1,66,37.9,3.6,4447,0.528,MEDIUM
1071,0.5,270.4,87,35.5,8.0,2558,0.815,LOW
1072,0.28,539.3,92,7.6,3.6,2510,0.871,LOW
1073,0.09,47.0,92,45.4,5.3,8428,0.101,HIGH
1074,0.7,586.2,5,85.2,8.5,8305,0.956,LOW
1075,0.96,600.9,35,46.8,5.5,840,0.997,LOW
1076,0.1,592.0,98,22.8,1.5,9663,0.813,LOW
1077,0.58,293.5,8,0.4,5.4,1471,0.414,MEDIUM
1078,0.24,182.6,5,88.1,6.0,7375,0.11,HIGH
1079,0.63,274.7,15,90.1,7.2,6841,0.774,LOW
1080,1.0,203.4,85,27.7,5.5,5390,0.986,LOW
1081,0.23,609.9,45,95.1,2.6,7874,0.9,LOW
1082,0.97,182.9,7,58.8,2.9,5287,0.934,LOW
1083,0.19,529.3,26,45.3,2.5,5542,0.518,MEDIUM
1084,0.88,37.5,70,28.2,9.9,8322,0.809,LOW
1085,0.88,4.8,16,90.9,9.1,3572,0.0,HIGH
1086,0.47,357.3,43,6.9,8.7,6595,0.466,MEDIUM
1087,0.56,430.9,54,98.2,4.2,7081,0.965,LOW
1088,0.86,185.8,79,14.8,4.9,7015,0.945,LOW
1089,0.11,573.3,82,72.2,5.7,1622,0.847,LOW
1090,0.83,51.7,27,31.9,9.3,3387,0.581,MEDIUM
1091,0.64,227.8,33,56.0,9.2,5627,0.673,MEDIUM
1092,0.27,513.8,25,78.3,8.4,6754,0.581,MEDIUM
1093,0.41,275.1,74,80.1,1.2,6437,0.878,LOW
1094,0.67,320.9,25,9.4,7.0,6220,0.664,MEDIUM
1095,0.28,438.7,95,43.2,7.4,3066,0.821,LOW
1096,0.67,550.0,69,45.2,4.9,1013,0.988,LOW
1097,0.01,457.7,14,10.1,5.3,6299,0.054,HIGH
1098,0.9,177.0,29,48.9,3.9,4349,0.924,LOW
1099,0.17,569.0,82,72.5,5.0,4021,0.881,LOW
1100,0.78,250.9,50,31.2,8.9,9523,0.847,LOW
1101,0.9,176.5,84,86.8,2.3,7022,0.991,LOW
1102,0.99,545.6,54,13.5,4.7,5022,0.995,LOW
1103,0.42,99.6,76,31.0,3.3,8239,0.46,MEDIUM
1104,0.48,614.2,84,77.8,3.5,4431,0.99,LOW
1105,0.26,516.0,78,29.5,1.8,5059,0.85,LOW
1106,0.21,203.5,98,97.0,1.0,7186,0.769,LOW
1107,0.28,108.0,48,45.7,9.9,7314,0.093,HIGH
1108,0.56,562.1,3,41.5,4.9,7738,0.833,LOW
1109,0.76,536.0,18,13.0,7.6,9780,0.907,LOW
1110,0.67,531.5,63,92.4,9.5,8629,0.985,LOW
1111,0.13,603.5,6,91.9,6.8,7484,0.474,MEDIUM
1112,0.86,575.0,82,22.3,5.3,7368,0.996,LOW
1113,0.36,243.0,50,86.8,1.1,9142,0.684,MEDIUM
1114,0.91,325.7,67,93.2,2.1,8973,0.995,LOW
1115,0.37,471.4,46,84.2,9.9,8241,0.773,LOW
1116,0.01,524.9,94,20.1,3.8,7187,0.523,MEDIUM
1117,0.89,2.1,44,91.4,6.6,4753,0.0,HIGH
1118,0.85,181.7,16,65.3,4.6,3303,0.89,LOW
1119,0.43,173.3,73,38.5,1.7,1581,0.696,MEDIUM
1120,0.27,450.7,29,33.0,4.6,7067,0.424,MEDIUM
1121,0.74,498.1,82,73.2,6.5,7741,0.993,LOW
1122,0.37,615.1,35,53.0,5.9,9338,0.837,LOW
1123,0.0,539.4,55,20.1,4.4,1082,0.322,HIGH
1124,0.49,478.0,63,67.9,1.5,9997,0.955,LOW
1125,0.26,257.9,48,50.7,1.5,7845,0.393,HIGH
1126,0.98,547.5,70,33.7,3.5,2367,0.998,LOW
1127,0.35,326.9,47,58.4,4.4,9072,0.579,MEDIUM
1128,0.08,486.1,53,78.1,5.2,2249,0.559,MEDIUM
1129,0.6,404.3,73,73.8,1.0,7512,0.98,LOW
1130,0.23,252.3,87,0.9,4.8,4405,0.323,HIGH
1131,0.7,287.7,73,3.7,7.0,5742,0.868,LOW
1132,0.43,229.5,58,25.9,3.1,983,0.609,MEDIUM
1133,0.18,189.4,76,20.6,3.0,2057,0.25,HIGH
1134,0.02,474.4,33,76.5,2.6,1940,0.387,HIGH
1135,0.94,4.1,41,95.7,2.0,9533,0.001,HIGH
1136,0.06,418.1,72,34.0,4.2,2884,0.397,HIGH
1137,0.67,116.0,60,83.4,4.0,1830,0.903,LOW
1138,0.21,218.9,92,3.9,5.4,7821,0.261,HIGH
1139,0.22,75.4,20,71.7,9.1,3778,0.049,HIGH
1140,0.67,569.4,2,77.7,6.9,4360,0.947,LOW
1141,0.99,281.4,44,3.1,3.6,2875,0.968,LOW
1142,0.15,434.8,16,76.8,2.6,1894,0.415,MEDIUM
1143,0.6,350.0,93,48.2,5.2,8761,0.956,LOW
1144,0.73,212.8,51,13.8,8.8,2466,0.766,LOW
1145,0.59,137.9,79,31.7,8.9,1565,0.701,LOW
1146,0.83,428.6,30,74.5,4.2,7735,0.981,LOW
1147,0.74,420.9,57,27.8,5.8,2177,0.964,LOW
1148,0.61,502.8,16,69.3,2.0,9987,0.936,LOW
1149,1.0,582.7,28,48.0,7.1,1900,0.996,LOW
1150,0.82,59.0,68,72.4,6.8,8038,0.907,LOW
1151,0.86,367.9,3,4.7,1.2,7570,0.887,LOW
1152,0.45,206.2,78,50.9,3.4,2804,0.783,LOW
1153,0.52,229.6,11,89.1,5.0,6003,0.604,MEDIUM
1154,0.93,4.4,25,90.5,4.7,9548,0.0,HIGH
1155,0.86,2.6,28,94.5,6.3,9343,0.0,HIGH
1156,0.74,589.3,22,35.8,8.4,1556,0.964,LOW
1157,0.51,329.0,71,30.7,3.7,4050,0.862,LOW
1158,0.65,263.3,15,38.8,8.9,2987,0.584,MEDIUM
1159,0.2,118.3,99,47.5,9.2,9139,0.215,HIGH
1160,0.25,197.0,92,96.7,7.7,9129,0.608,MEDIUM
1161,0.37,262.1,86,79.3,1.2,4889,0.88,LOW
1162,0.34,466.4,84,90.4,4.2,5175,0.95,LOW
1163,0.99,4.3,21,91.8,2.9,8704,0.001,HIGH
1164,0.78,490.4,76,17.1,9.5,760,0.981,LOW
1165,0.46,505.0,73,10.3,9.2,2476,0.854,LOW
1166,0.06,571.4,73,90.3,4.0,3654,0.821,LOW
1167,0.21,449.6,90,27.8,9.4,7266,0.582,MEDIUM
1168,0.3,387.3,29,24.6,7.8,4805,0.275,HIGH
1169,0.71,596.5,66,83.2,2.6,5840,0.997,LOW
1170,0.14,118.9,83,43.5,1.8,1752,0.256,HIGH
1171,0.81,458.0,45,32.3,3.3,9153,0.975,LOW
1172,0.55,539.9,38,55.3,1.6,9888,0.95,LOW
1173,0.58,235.8,31,45.9,8.1,4118,0.587,MEDIUM
1174,0.46,233.7,54,79.8,2.2,7041,0.792,LOW
1175,0.21,411.8,84,71.5,5.1,4184,0.786,LOW
1176,0.83,516.5,35,11.8,8.9,6740,0.955,LOW
1177,0.01,93.7,27,36.6,9.1,9034,0.008,HIGH
1178,0.01,276.9,25,84.5,8.0,3982,0.072,HIGH
1179,0.39,75.3,61,9.2,2.0,5907,0.249,HIGH
1180,0.97,155.9,23,42.2,8.0,7648,0.875,LOW
1181,0.86,505.8,22,19.3,6.5,7552,0.96,LOW
1182,0.96,1.2,34,98.0,6.1,7404,0.001,HIGH
1183,0.33,578.8,40,8.4,8.6,8399,0.557,MEDIUM
1184,0.27,346.5,69,32.5,1.4,9910,0.576,MEDIUM
1185,0.68,450.0,72,77.8,7.2,2677,0.986,LOW
1186,0.83,226.7,23,19.8,3.3,549,0.87,LOW
1187,0.08,400.2,66,25.6,9.3,9272,0.164,HIGH
1188,0.1,302.7,81,86.3,8.6,4371,0.427,MEDIUM
1189,0.81,339.6,93,27.4,2.6,8648,0.987,LOW
1190,0.03,285.1,57,15.0,1.5,3085,0.123,HIGH
1191,0.93,2.1,18,97.7,2.0,8134,0.0,HIGH
1192,0.17,401.6,63,24.5,2.5,2190,0.483,MEDIUM
1193,0.05,371.2,32,33.1,7.2,2097,0.094,HIGH
1194,0.96,2.0,10,90.9,3.2,3062,0.0,HIGH
1195,0.08,203.1,37,39.1,8.1,5011,0.044,HIGH
1196,0.43,256.9,81,58.7,9.4,9796,0.682,MEDIUM
1197,0.77,228.6,65,57.2,1.5,6378,0.965,LOW
1198,0.6,91.3,41,42.4,5.1,9607,0.463,MEDIUM
1199,0.55,224.6,9,27.4,7.9,1829,0.327,HIGH
1200,0.49,54.5,18,53.0,7.6,9962,0.139,HIGH
1201,0.01,605.4,64,24.9,9.6,1246,0.368,HIGH
1202,0.44,132.1,69,44.4,9.8,1086,0.443,MEDIUM
1203,0.92,258.5,17,67.4,6.4,1003,0.952,LOW
1204,0.82,259.2,32,37.6,8.5,9225,0.836,LOW
1205,0.71,315.3,68,77.7,3.3,3986,0.979,LOW
1206,0.87,174.0,92,22.9,5.0,9763,0.962,LOW
1207,0.52,254.4,18,82.1,9.1,6101,0.535,MEDIUM
1208,0.27,351.8,70,92.6,6.7,7895,0.727,LOW
1209,0.53,626.9,25,99.9,3.2,8014,0.975,LOW
1210,0.49,110.2,44,84.1,7.0,9565,0.476,MEDIUM
1211,0.02,37.2,32,82.7,4.3,7410,0.026,HIGH
1212,0.41,260.3,20,18.3,2.0,8868,0.289,HIGH
1213,0.28,171.7,43,71.5,3.7,6040,0.302,HIGH
1214,0.44,313.7,26,47.9,2.8,9707,0.54,MEDIUM
1215,0.38,571.9,20,36.4,9.9,3165,0.626,MEDIUM
1216,0.86,565.7,43,8.2,4.5,4113,0.986,LOW
1217,0.23,538.1,7,78.2,3.6,6383,0.565,MEDIUM
1218,0.86,611.6,74,36.1,8.6,9186,0.995,LOW
1219,0.95,2.4,10,94.2,9.6,1529,0.0,HIGH
1220,0.4,98.8,64,89.1,2.6,3198,0.657,MEDIUM
1221,0.84,48.6,1,33.5,2.7,2531,0.604,MEDIUM
1222,0.7,576.0,35,46.8,7.6,7964,0.964,LOW
1223,0.69,480.3,81,59.5,8.8,4678,0.985,LOW
1224,0.82,311.4,13,25.9,9.9,6088,0.773,LOW
1225,0.83,382.0,61,26.8,1.1,7383,0.983,LOW
1226,0.94,147.3,72,68.6,3.9,8445,0.982,LOW
1227,0.88,2.5,47,90.9,1.6,7058,0.001,HIGH
1228,0.94,154.6,70,20.0,8.2,628,0.948,LOW
1229,0.82,311.2,38,28.0,4.7,7863,0.921,LOW
1230,0.94,538.4,41,72.1,1.4,6982,0.997,LOW
1231,0.81,148.0,41,65.9,6.1,2902,0.897,LOW
1232,0.41,107.3,15,73.9,9.8,2667,0.16,HIGH
1233,0.04,295.5,20,67.0,9.2,539,0.063,HIGH
1234,0.16,347.9,30,85.9,1.3,5988,0.417,MEDIUM
1235,0.39,94.9,38,11.7,5.4,6712,0.119,HIGH
1236,0.44,562.2,88,53.1,7.9,6675,0.959,LOW
1237,0.41,261.2,52,5.7,2.1,5897,0.461,MEDIUM
1238,0.63,261.6,45,59.1,1.2,4037,0.905,LOW
1239,0.02,65.2,33,8.8,1.0,7837,0.012,HIGH
1240,0.25,221.3,12,57.5,5.9,6103,0.112,HIGH
1241,0.0,140.6,96,10.1,9.6,6461,0.043,HIGH
1242,0.2,454.0,97,23.3,4.6,3305,0.746,LOW
1243,0.56,530.2,14,38.9,2.8,3711,0.891,LOW
1244,0.64,557.2,82,78.4,1.3,9923,0.995,LOW
1245,0.19,550.0,2,55.2,6.5,3748,0.336,HIGH
1246,0.12,427.8,17,22.0,5.0,8940,0.111,HIGH
1247,0.48,559.0,95,7.2,6.8,3609,0.952,LOW
1248,0.18,365.8,48,43.2,2.6,5520,0.397,HIGH
1249,0.25,74.6,87,67.1,8.1,3663,0.3,HIGH
1250,0.2,206.1,55,3.8,7.3,6548,0.082,HIGH
1251,0.37,587.0,67,46.3,2.1,9848,0.933,LOW
1252,0.84,358.4,88,89.1,7.4,1445,0.995,LOW
1253,0.31,144.3,50,93.5,6.2,4878,0.401,MEDIUM
1254,0.99,1.1,15,95.6,1.2,5200,0.001,HIGH
1255,0.13,627.3,29,60.3,6.4,9338,0.517,MEDIUM
1256,0.41,452.6,7,85.7,7.7,2590,0.676,MEDIUM
1257,0.43,43.3,22,72.0,8.5,8185,0.133,HIGH
1258,0.67,206.1,14,26.9,3.8,9261,0.54,MEDIUM
1259,0.04,505.5,1,1.5,8.3,8032,0.035,HIGH
1260,0.74,313.4,93,60.9,2.5,7296,0.988,LOW
1261,0.58,224.3,6,70.7,3.8,4560,0.617,MEDIUM
1262,0.84,461.2,51,48.4,6.8,5618,0.985,LOW
1263,0.97,3.9,12,90.1,9.3,9579,0.0,HIGH
1264,0.77,95.9,10,96.4,5.9,5462,0.768,LOW
1265,0.06,37.6,94,84.0,7.4,7048,0.131,HIGH
1266,0.86,1.8,17,94.3,2.7,4826,0.0,HIGH
1267,0.41,111.8,2,84.1,8.1,6628,0.143,HIGH
1268,0.05,322.6,18,0.5,8.4,1925,0.024,HIGH
1269,0.85,502.2,28,9.0,2.5,2325,0.977,LOW
1270,0.52,317.6,96,15.0,8.7,1747,0.853,LOW
1271,0.49,584.1,84,38.7,6.3,3653,0.972,LOW
1272,0.26,81.0,52,16.2,4.0,2470,0.106,HIGH
1273,0.05,62.7,78,16.1,9.9,4352,0.026,HIGH
1274,0.56,440.4,24,67.2,3.2,2986,0.909,LOW
1275,0.49,156.9,73,52.2,4.0,8155,0.697,MEDIUM
1276,0.04,125.4,5,85.5,1.2,1354,0.047,HIGH
1277,0.14,194.5,29,70.8,5.5,5296,0.104,HIGH
1278,0.53,101.6,95,54.4,3.0,5656,0.828,LOW
1279,0.17,134.5,13,9.7,4.6,8006,0.021,HIGH
1280,0.4,226.9,95,83.0,3.2,1577,0.904,LOW
1281,0.97,478.4,23,74.5,9.4,7289,0.988,LOW
1282,0.52,485.8,17,23.0,3.4,3486,0.782,LOW
1283,0.02,298.3,34,36.9,7.0,4111,0.054,HIGH
1284,0.62,380.5,12,62.8,8.9,2173,0.786,LOW
1285,0.59,269.8,72,21.2,7.3,5881,0.79,LOW
1286,0.62,424.2,25,18.8,5.0,6785,0.801,LOW
1287,0.48,483.8,39,11.0,6.3,3165,0.744,LOW
1288,0.36,363.8,34,35.4,5.9,1909,0.49,MEDIUM
1289,0.47,116.6,15,67.2,1.8,5560,0.37,HIGH
1290,0.88,145.0,48,76.8,2.7,5912,0.964,LOW
1291,0.01,308.2,3,9.5,5.7,9957,0.013,HIGH
1292,0.95,559.3,19,76.1,1.8,7507,0.996,LOW
1293,0.86,2.5,30,96.7,8.8,1985,0.0,HIGH
1294,0.74,129.3,9,94.7,2.4,9063,0.802,LOW
1295,0.56,117.7,96,70.9,3.5,5055,0.901,LOW
1296,0.19,146.0,99,72.3,8.1,5505,0.395,HIGH
1297,0.43,200.8,55,47.6,5.8,8171,0.474,MEDIUM
1298,0.6,80.0,42,70.3,6.1,1477,0.642,MEDIUM
1299,0.42,82.4,80,74.5,3.9,1419,0.695,MEDIUM
1300,0.93,465.4,10,62.2,8.7,552,0.979,LOW
1301,0.3,295.6,29,93.5,1.6,1630,0.628,MEDIUM
1302,0.44,554.0,37,82.3,6.3,5114,0.918,LOW
1303,0.44,329.4,91,56.3,5.0,4239,0.905,LOW
1304,0.45,536.5,3,64.9,5.3,5117,0.773,LOW
1305,0.2,114.8,40,42.3,8.7,4699,0.059,HIGH
1306,0.79,248.5,90,68.1,4.4,2755,0.987,LOW
1307,0.23,125.8,56,85.1,9.7,2213,0.216,HIGH
1308,0.77,241.5,64,50.9,8.5,8255,0.917,LOW
1309,0.72,168.3,91,58.6,4.9,9411,0.946,LOW
1310,0.29,428.8,47,46.1,1.6,2659,0.714,LOW
1311,0.22,82.9,15,14.6,7.5,6679,0.018,HIGH
1312,0.03,576.7,49,32.4,4.7,5080,0.388,HIGH
1313,0.19,322.7,59,68.3,2.7,1574,0.567,MEDIUM
1314,0.11,434.6,96,55.1,9.8,3517,0.585,MEDIUM
1315,0.19,596.6,67,13.9,3.0,4848,0.74,LOW
1316,0.73,371.8,24,9.0,4.9,4334,0.842,LOW
1317,1.0,474.2,0,82.3,9.0,7835,0.984,LOW
1318,0.97,3.8,48,97.2,2.9,1624,0.002,HIGH
1319,0.39,352.0,27,33.2,4.1,8211,0.446,MEDIUM
1320,0.0,168.3,99,15.8,5.3,7092,0.09,HIGH
1321,0.76,218.6,39,71.3,8.4,9319,0.862,LOW
1322,0.09,209.2,28,2.3,3.2,6531,0.031,HIGH
1323,0.61,383.6,45,74.5,7.8,4025,0.92,LOW
1324,0.93,2.8,35,97.7,5.0,2982,0.001,HIGH
1325,0.73,126.1,38,10.4,1.8,1849,0.727,LOW
1326,0.96,164.0,85,74.1,4.1,925,0.993,LOW
1327,0.33,596.2,63,33.1,3.6,8564,0.879,LOW
1328,0.73,411.1,18,58.0,8.3,4513,0.907,LOW
1329,0.08,516.4,8,65.6,6.8,937,0.244,HIGH
1330,0.89,4.7,16,97.8,5.8,4902,0.0,HIGH
1331,0.48,606.3,26,44.6,7.4,6364,0.87,LOW
1332,0.86,256.7,23,99.9,8.3,6349,0.949,LOW
1333,0.58,236.1,74,2.5,8.2,1719,0.701,LOW
1334,0.05,571.7,65,42.2,3.9,3530,0.605,MEDIUM
1335,0.89,72.1,91,38.8,5.5,9794,0.948,LOW
1336,0.88,414.9,52,18.9,4.2,7826,0.978,LOW
1337,0.04,556.3,76,14.4,4.4,1914,0.513,MEDIUM
1338,0.36,203.4,24,1.6,6.3,5480,0.107,HIGH
1339,0.91,578.6,67,76.7,4.2,8102,0.998,LOW
1340,0.8,530.5,76,96.4,5.0,2368,0.998,LOW
1341,0.97,534.1,50,26.1,3.2,1490,0.996,LOW
1342,0.25,185.5,60,47.1,6.0,6566,0.241,HIGH
1343,0.46,436.6,70,19.7,3.5,8933,0.857,LOW
1344,0.8,479.9,25,88.7,7.2,6220,0.981,LOW
1345,0.54,231.5,98,59.6,2.9,3419,0.942,LOW
1346,0.19,211.4,11,72.1,10.0,8595,0.056,HIGH
1347,0.25,599.1,38,88.1,4.4,9996,0.83,LOW
1348,0.9,4.6,22,92.8,3.8,9060,0.0,HIGH
1349,0.83,302.2,74,61.3,2.3,3425,0.989,LOW
1350,0.38,604.5,72,14.2,8.8,8294,0.847,LOW
1351,0.77,593.8,66,42.3,6.4,1938,0.994,LOW
1352,0.54,296.2,60,41.0,3.9,6373,0.823,LOW
1353,0.99,173.0,59,14.5,5.1,2739,0.962,LOW
1354,0.99,302.4,86,37.3,6.3,2305,0.994,LOW
1355,0.94,538.3,61,5.4,2.5,7333,0.995,LOW
1356,0.76,31.0,41,65.8,9.8,4166,0.661,MEDIUM
1357,0.87,437.4,90,25.0,9.6,8601,0.988,LOW
1358,0.95,3.9,40,99.5,9.7,9137,0.0,HIGH
1359,0.92,148.9,13,70.7,8.2,1164,0.886,LOW
1360,0.13,112.4,51,69.8,7.8,8701,0.075,HIGH
1361,0.41,391.6,22,12.3,7.4,5899,0.354,HIGH
1362,0.22,393.2,13,23.1,1.2,3170,0.248,HIGH
1363,0.92,376.4,31,75.8,8.4,5353,0.98,LOW
1364,0.73,84.0,18,25.7,2.2,5684,0.554,MEDIUM
1365,0.94,543.1,76,37.7,9.0,3827,0.996,LOW
1366,0.78,473.5,82,98.6,9.0,6070,0.995,LOW
1367,0.45,546.8,17,51.6,7.7,7706,0.741,LOW
1368,0.2,444.6,39,34.3,8.5,5140,0.301,HIGH
1369,0.92,3.2,34,97.1,7.0,5442,0.0,HIGH
1370,1.0,4.7,43,95.9,6.2,1491,0.001,HIGH
1371,0.62,236.7,15,23.2,7.0,2829,0.477,MEDIUM
1372,0.48,379.9,58,12.8,5.6,3724,0.741,LOW
1373,0.48,481.5,85,7.1,4.3,2571,0.927,LOW
1374,0.54,72.0,92,85.4,3.6,1932,0.888,LOW
1375,0.08,191.7,35,35.6,8.7,4282,0.035,HIGH
1376,0.65,464.9,31,15.5,4.9,3353,0.892,LOW
1377,0.01,484.4,79,93.0,1.3,6091,0.746,LOW
1378,0.88,156.8,2,53.5,9.0,1367,0.762,LOW
1379,0.98,101.3,37,87.9,5.3,2719,0.967,LOW
1380,0.77,77.1,26,66.8,2.6,2481,0.814,LOW
1381,0.82,461.5,87,10.7,6.0,3190,0.99,LOW
1382,0.19,502.7,22,91.3,8.0,9148,0.465,MEDIUM
1383,0.67,163.7,33,94.1,3.3,1294,0.888,LOW
1384,0.23,594.0,55,26.4,9.6,9664,0.563,MEDIUM
1385,0.66,374.9,85,60.5,2.6,672,0.986,LOW
1386,0.63,461.6,11,30.1,7.3,7270,0.767,LOW
1387,0.46,213.8,46,10.3,8.5,7999,0.272,HIGH
1388,0.17,411.8,65,26.7,6.5,9590,0.338,HIGH
1389,0.94,2.8,16,97.4,8.5,5112,0.0,HIGH
1390,0.72,246.6,70,41.5,6.1,9538,0.909,LOW
1391,0.4,490.5,98,72.8,1.6,1711,0.981,LOW
1392,0.98,613.5,77,70.2,9.6,4039,0.999,LOW
1393,0.22,194.2,64,97.3,6.1,6069,0.432,MEDIUM
1394,0.59,181.3,43,11.6,3.2,8707,0.527,MEDIUM
1395,0.43,277.1,10,20.5,6.2,5441,0.216,HIGH
1396,0.32,240.3,97,55.7,6.2,868,0.739,LOW
1397,0.67,145.1,46,1.3,9.0,4720,0.456,MEDIUM
1398,0.19,232.6,71,14.3,3.2,8082,0.213,HIGH
1399,0.8,122.8,87,31.3,3.2,5550,0.945,LOW
1400,0.29,62.6,53,24.1,8.3,3920,0.08,HIGH
1401,0.13,439.1,56,97.8,4.2,522,0.72,LOW
1402,0.36,506.3,20,55.2,7.8,9987,0.566,MEDIUM
1403,0.5,73.8,16,73.4,4.7,5458,0.314,HIGH
1404,0.68,556.0,17,58.4,1.2,9480,0.968,LOW
1405,0.36,359.7,96,24.9,9.9,3344,0.724,LOW
1406,0.22,410.1,49,33.8,1.3,8088,0.499,MEDIUM
1407,0.98,3.3,34,96.0,9.8,9339,0.0,HIGH
1408,0.92,468.1,1,61.5,2.0,9120,0.981,LOW
1409,0.99,207.6,29,96.9,3.2,2333,0.986,LOW
1410,0.12,295.2,93,97.6,9.7,2821,0.561,MEDIUM
1411,0.53,34.0,18,59.0,3.6,1840,0.312,HIGH
1412,0.55,511.7,67,18.9,6.3,5565,0.929,LOW
1413,0.5,111.7,96,33.0,8.5,9275,0.581,MEDIUM
1414,0.55,325.6,81,13.6,3.0,8294,0.873,LOW
1415,0.36,394.6,14,97.2,9.4,963,0.579,MEDIUM
1416,0.82,573.9,75,35.5,3.6,6926,0.996,LOW
1417,0.24,384.8,95,39.4,2.6,1732,0.81,LOW
1418,0.81,468.9,88,63.0,1.2,9841,0.997,LOW
1419,0.73,257.9,29,34.4,9.5,6278,0.725,LOW
1420,0.94,49.3,63,90.0,8.2,606,0.965,LOW
1421,0.73,610.0,8,18.3,6.9,8993,0.923,LOW
1422,0.36,99.9,97,9.6,8.0,7990,0.292,HIGH
1423,0.49,105.2,4,66.5,3.9,3515,0.28,HIGH
1424,0.36,566.8,71,65.6,8.6,5163,0.917,LOW
1425,0.86,4.9,28,93.5,3.4,9248,0.0,HIGH
1426,0.18,277.6,24,15.9,5.8,5531,0.075,HIGH
1427,0.27,508.3,15,15.0,2.6,5979,0.387,HIGH
1428,0.52,219.8,91,15.5,4.8,7879,0.764,LOW
1429,0.16,37.7,48,14.4,5.6,8149,0.026,HIGH
1430,0.15,420.5,35,45.8,4.5,6984,0.289,HIGH
1431,0.88,106.2,85,27.9,5.7,7113,0.943,LOW
1432,0.65,60.8,81,51.1,2.2,1740,0.876,LOW
1433,0.01,114.4,2,18.3,4.5,2183,0.007,HIGH
1434,0.51,409.1,17,5.5,6.8,5124,0.496,MEDIUM
1435,0.51,297.9,14,53.9,4.6,9693,0.516,MEDIUM
1436,0.98,117.9,62,67.4,9.0,3425,0.968,LOW
1437,0.03,618.0,30,30.4,1.4,5224,0.395,HIGH
1438,0.31,117.0,32,49.3,5.2,6804,0.137,HIGH
1439,0.24,109.1,83,16.3,8.4,4674,0.137,HIGH
1440,0.74,123.6,82,62.1,3.7,6004,0.944,LOW
1441,0.58,617.3,17,65.2,4.9,7185,0.95,LOW
1442,0.6,108.4,75,21.7,4.7,3957,0.702,LOW
1443,0.78,463.6,4,59.3,8.8,5373,0.918,LOW
1444,0.57,362.0,79,58.6,8.6,2512,0.937,LOW
1445,0.8,526.4,10,93.8,7.1,2346,0.983,LOW
1446,0.38,443.0,17,0.4,2.6,7249,0.404,MEDIUM
1447,0.4,304.0,76,12.9,3.9,1062,0.701,LOW
1448,0.71,511.7,9,17.9,6.4,5319,0.878,LOW
1449,0.29,301.0,87,56.4,2.3,6096,0.763,LOW
1450,0.23,96.4,99,34.0,7.3,7095,0.243,HIGH
1451,0.36,558.0,47,21.4,8.2,5456,0.701,LOW
1452,0.9,357.2,92,36.3,2.5,7109,0.995,LOW
1453,0.27,445.9,82,5.1,2.3,7688,0.697,MEDIUM
1454,0.14,434.9,51,67.3,10.0,2255,0.389,HIGH
1455,0.02,472.2,90,20.6,1.5,3320,0.544,MEDIUM
1456,0.56,574.1,96,68.1,8.7,1045,0.99,LOW
1457,0.22,94.6,82,61.3,8.9,4609,0.215,HIGH
1458,0.89,446.0,72,80.3,6.9,3149,0.997,LOW
1459,0.94,1.6,49,96.2,6.7,2311,0.001,HIGH
1460,0.22,625.2,51,53.5,9.7,5185,0.717,LOW
1461,0.24,602.5,77,20.8,2.0,6330,0.868,LOW
1462,0.31,124.2,93,22.6,1.2,9195,0.434,MEDIUM
1463,0.54,608.9,23,91.7,4.2,4645,0.969,LOW
1464,0.88,1.6,19,93.8,8.0,1015,0.0,HIGH
1465,0.64,381.1,53,15.3,9.1,3371,0.834,LOW
1466,0.46,219.2,29,0.8,6.1,1313,0.263,HIGH
1467,0.84,250.1,41,63.6,2.8,3260,0.967,LOW
1468,0.25,335.0,58,40.6,9.3,2188,0.361,HIGH
1469,0.88,217.2,45,94.7,1.5,9348,0.982,LOW
1470,0.8,31.9,78,75.2,3.5,2381,0.949,LOW
1471,0.17,218.2,62,76.7,3.9,8551,0.328,HIGH
1472,0.4,381.7,63,47.9,9.9,5105,0.688,MEDIUM
1473,0.5,144.9,53,93.7,4.0,3234,0.778,LOW
1474,0.62,497.1,94,14.6,6.9,6018,0.971,LOW
1475,0.26,401.3,2,92.6,1.2,1179,0.556,MEDIUM
1476,0.63,126.1,11,4.9,8.6,4038,0.201,HIGH
1477,0.95,204.9,60,72.7,9.7,1418,0.977,LOW
1478,0.34,515.1,29,33.2,5.5,3454,0.644,MEDIUM
1479,0.05,173.0,38,65.9,5.4,4640,0.064,HIGH
1480,0.45,87.4,86,91.4,4.1,8600,0.766,LOW
1481,0.45,380.5,43,63.1,6.6,5477,0.761,LOW
1482,0.88,416.1,15,10.4,4.7,1656,0.944,LOW
1483,0.34,142.9,95,11.6,8.5,7072,0.315,HIGH
1484,0.94,129.3,22,67.0,7.5,1837,0.908,LOW
1485,0.29,237.5,21,12.7,7.4,7693,0.078,HIGH
1486,0.65,269.9,88,98.0,1.6,5510,0.985,LOW
1487,0.98,2.4,15,98.9,3.7,3600,0.001,HIGH
1488,0.2,214.4,11,68.8,7.6,2753,0.092,HIGH
1489,0.89,4.5,43,98.7,2.7,9551,0.001,HIGH
1490,0.2,280.3,85,36.2,1.7,3966,0.546,MEDIUM
1491,0.84,116.2,63,54.7,8.9,5441,0.896,LOW
1492,0.89,443.9,86,20.7,9.9,623,0.991,LOW
1493,0.72,276.9,9,55.6,6.3,1419,0.804,LOW
1494,0.59,578.7,14,87.9,4.7,5271,0.961,LOW
1495,0.43,358.8,86,83.7,5.2,5274,0.935,LOW
1496,0.33,207.5,30,44.9,9.6,2103,0.168,HIGH
1497,0.81,171.0,52,60.1,3.8,7744,0.932,LOW
1498,0.47,142.1,43,40.0,2.4,8227,0.437,MEDIUM
1499,0.79,407.0,98,50.5,4.6,4376,0.994,LOW
1500,0.48,417.8,97,34.3,5.8,5958,0.935,LOW
1501,0.82,215.4,84,94.1,3.6,2968,0.991,LOW
1502,0.73,525.7,79,47.1,3.3,5130,0.993,LOW
1503,0.92,494.8,25,78.4,3.6,689,0.995,LOW
1504,0.21,523.9,18,94.8,4.6,3235,0.665,MEDIUM
1505,0.91,390.8,41,90.9,7.6,2611,0.991,LOW
1506,0.19,221.3,64,66.3,6.1,3169,0.321,HIGH
1507,0.75,320.9,40,6.2,1.8,8635,0.884,LOW
1508,0.58,117.2,93,14.6,9.0,1896,0.674,MEDIUM
1509,0.64,596.1,28,26.5,2.7,7075,0.955,LOW
1510,0.77,230.1,81,28.2,7.2,5273,0.935,LOW
1511,0.97,493.9,24,67.8,3.7,2932,0.995,LOW
1512,0.16,508.8,80,70.4,4.6,7905,0.801,LOW
1513,0.95,141.8,92,52.5,4.1,9832,0.985,LOW
1514,0.21,550.5,83,7.3,5.7,4980,0.715,LOW
1515,0.98,464.2,92,38.0,9.2,7277,0.997,LOW
1516,0.62,172.1,1,41.7,9.4,4323,0.301,HIGH
1517,0.52,92.7,26,82.9,8.8,8980,0.323,HIGH
1518,0.11,178.7,55,53.2,3.1,2007,0.164,HIGH
1519,0.26,391.6,56,57.5,4.5,7448,0.596,MEDIUM
1520,0.16,373.9,94,42.1,8.5,4519,0.53,MEDIUM
1521,0.55,487.7,5,1.6,4.7,4713,0.635,MEDIUM
1522,0.77,535.6,75,71.2,8.6,7951,0.993,LOW
1523,0.35,218.2,6,38.5,8.8,7597,0.09,HIGH
1524,0.75,63.9,33,80.7,8.3,2272,0.755,LOW
1525,0.66,301.6,96,86.7,6.7,1454,0.984,LOW
1526,0.02,587.8,72,74.0,1.1,9807,0.748,LOW
1527,0.56,453.2,2,73.9,4.1,1294,0.862,LOW
1528,0.03,534.4,33,57.1,9.9,8719,0.189,HIGH
1529,0.07,625.1,55,79.5,2.4,5878,0.792,LOW
1530,0.8,42.6,97,10.6,2.5,1382,0.922,LOW
1531,0.44,543.1,33,24.8,8.2,4312,0.74,LOW
1532,0.7,464.2,45,81.5,8.5,2845,0.973,LOW
1533,0.93,518.6,49,9.9,3.7,9003,0.99,LOW
1534,0.12,246.0,49,93.5,3.8,1791,0.347,HIGH
1535,0.92,364.5,38,52.7,4.0,1825,0.986,LOW
1536,0.08,333.1,6,53.4,4.9,4174,0.074,HIGH
1537,0.01,195.0,32,98.8,3.0,5521,0.103,HIGH
1538,0.33,399.7,67,92.8,7.2,2538,0.856,LOW
1539,0.42,364.5,7,83.9,7.4,2449,0.577,MEDIUM
1540,0.74,286.3,77,41.5,8.5,9822,0.931,LOW
1541,0.68,349.1,11,70.1,6.6,1941,0.862,LOW
1542,0.44,591.3,58,73.6,7.9,2439,0.954,LOW
1543,0.33,382.2,7,92.1,8.2,8730,0.405,MEDIUM
1544,0.72,105.3,17,77.4,6.3,4012,0.684,MEDIUM
1545,0.01,394.8,57,5.1,2.0,9185,0.128,HIGH
1546,0.16,405.6,1,57.4,1.4,8838,0.201,HIGH
1547,0.94,59.4,63,40.4,9.6,1719,0.908,LOW
1548,0.16,260.3,45,35.5,3.3,7547,0.161,HIGH
1549,0.61,199.1,77,80.7,6.5,5644,0.91,LOW
1550,0.87,2.4,39,90.3,9.6,9243,0.0,HIGH
1551,0.71,208.9,20,7.2,3.9,8997,0.568,MEDIUM
1552,0.06,609.8,94,35.8,9.1,5904,0.67,MEDIUM
1553,0.74,43.5,66,62.9,8.4,5505,0.789,LOW
1554,0.29,435.2,25,42.8,3.3,4942,0.506,MEDIUM
1555,0.56,132.4,32,40.4,8.8,1319,0.387,HIGH
1556,0.69,612.0,17,91.6,9.2,9568,0.971,LOW
1557,0.18,415.6,64,30.0,8.4,2852,0.381,HIGH
1558,0.36,513.7,2,23.5,3.7,9360,0.437,MEDIUM
1559,0.08,188.8,2,8.8,3.5,4449,0.015,HIGH
1560,0.24,513.3,83,68.2,1.9,6957,0.909,LOW
1561,0.49,377.6,14,14.6,6.4,8519,0.4,HIGH
1562,0.21,294.6,75,60.3,2.6,4951,0.6,MEDIUM
1563,0.79,148.3,21,50.1,5.6,5798,0.762,LOW
1564,0.31,608.3,21,0.8,4.1,1687,0.595,MEDIUM
1565,0.6,320.7,89,91.0,1.7,9421,0.981,LOW
1566,0.86,505.0,66,34.7,9.9,9024,0.986,LOW
1567,0.4,617.3,58,3.7,2.5,4938,0.895,LOW
1568,0.58,217.0,45,35.7,5.5,3422,0.686,MEDIUM
1569,0.52,521.4,65,41.1,7.4,6547,0.933,LOW
1570,0.78,432.3,59,45.0,1.4,1702,0.989,LOW
1571,0.01,523.1,28,89.4,1.1,799,0.517,MEDIUM
1572,0.53,108.0,65,41.8,9.5,6504,0.457,MEDIUM
1573,0.48,619.7,63,95.9,1.0,3497,0.991,LOW
1574,0.69,246.8,69,51.1,4.2,5502,0.933,LOW
1575,0.59,399.9,23,18.4,5.1,3859,0.738,LOW
1576,0.99,416.5,35,80.7,3.4,1322,0.996,LOW
1577,0.82,290.9,80,8.1,8.3,3856,0.949,LOW
1578,0.71,230.1,68,54.9,6.7,5732,0.919,LOW
1579,0.49,495.1,37,81.2,8.9,6422,0.885,LOW
1580,0.82,510.8,55,20.7,5.4,885,0.987,LOW
1581,0.67,468.9,85,16.8,6.5,8559,0.966,LOW
1582,0.85,48.8,50,84.7,4.5,4058,0.927,LOW
1583,0.02,619.3,14,86.0,7.9,3796,0.359,HIGH
1584,0.01,571.6,88,53.1,8.3,9373,0.569,MEDIUM
1585,0.4,172.2,47,38.4,3.4,8777,0.349,HIGH
1586,0.56,152.3,87,37.9,2.9,4379,0.848,LOW
1587,0.99,138.8,87,78.0,9.2,4487,0.988,LOW
1588,0.88,165.2,77,94.5,4.1,4133,0.989,LOW
1589,0.51,510.3,68,11.2,1.7,8207,0.93,LOW
1590,0.61,268.7,10,88.8,4.8,9824,0.736,LOW
1591,0.75,108.1,27,19.4,7.8,9372,0.46,MEDIUM
1592,0.39,233.9,24,97.2,9.7,5073,0.406,MEDIUM
1593,0.74,235.6,10,76.2,6.0,2891,0.835,LOW
1594,0.6,511.7,49,7.9,4.8,6044,0.911,LOW
1595,0.11,244.6,14,0.1,6.9,3851,0.021,HIGH
1596,0.93,472.1,2,9.7,2.8,8908,0.953,LOW
1597,0.44,181.7,55,45.9,3.9,6232,0.536,MEDIUM
1598,0.21,232.7,12,25.6,2.6,2743,0.092,HIGH
1599,0.48,249.2,48,41.1,8.0,9740,0.474,MEDIUM
1600,0.04,162.3,95,82.3,9.0,6105,0.205,HIGH
1601,0.25,436.0,19,10.9,7.9,9301,0.155,HIGH
1602,0.2,629.1,16,52.5,1.6,3608,0.695,MEDIUM
1603,0.83,442.7,61,58.9,9.8,1683,0.986,LOW
1604,0.3,231.6,5,92.9,6.7,9707,0.19,HIGH
1605,0.97,440.2,66,38.9,7.7,5561,0.993,LOW
1606,0.5,235.5,22,13.8,8.0,3529,0.271,HIGH
1607,0.83,583.2,54,31.8,1.6,716,0.996,LOW
1608,0.07,313.2,35,45.7,6.5,4916,0.095,HIGH
1609,0.04,317.8,45,50.7,9.9,9755,0.068,HIGH
1610,0.73,181.4,99,34.9,8.9,2475,0.935,LOW
1611,0.73,211.7,59,15.2,4.1,6516,0.853,LOW
1612,0.86,170.1,48,40.8,5.6,3408,0.921,LOW
1613,0.0,93.2,27,87.7,1.2,5601,0.049,HIGH
1614,0.14,575.4,11,17.9,7.9,9573,0.162,HIGH
1615,0.93,477.6,92,27.9,8.9,8208,0.995,LOW
1616,0.56,159.5,74,91.7,3.8,9110,0.88,LOW
1617,0.76,322.3,74,76.2,7.8,1750,0.981,LOW
1618,0.05,156.2,82,71.6,4.2,2344,0.23,HIGH
1619,0.49,256.6,23,36.3,2.4,3373,0.529,MEDIUM
1620,0.11,592.6,1,29.5,3.5,2241,0.272,HIGH
1621,0.79,485.8,95,34.6,5.0,9478,0.993,LOW
1622,0.33,515.4,22,27.6,9.3,1533,0.473,MEDIUM
1623,0.66,98.5,48,58.9,9.5,9831,0.587,MEDIUM
1624,0.39,125.6,83,49.9,7.6,3155,0.51,MEDIUM
1625,0.32,224.7,38,71.6,2.4,530,0.511,MEDIUM
1626,0.59,539.2,91,35.3,7.1,6324,0.979,LOW
1627,0.04,391.9,85,37.4,1.1,4746,0.49,MEDIUM
1628,0.64,299.1,75,64.8,2.8,1570,0.969,LOW
1629,0.35,269.5,2,37.4,3.6,9640,0.164,HIGH
1630,0.97,390.8,12,38.1,6.5,8846,0.958,LOW
1631,0.03,294.2,53,53.7,4.2,563,0.18,HIGH
1632,0.04,403.6,41,65.3,9.2,8390,0.147,HIGH
1633,0.29,619.6,3,4.5,8.2,3935,0.345,HIGH
1634,0.09,90.7,78,66.1,7.6,5786,0.112,HIGH
1635,0.55,507.3,69,55.2,1.2,2162,0.981,LOW
1636,0.31,145.8,23,4.5,2.4,9064,0.073,HIGH
1637,0.85,355.8,32,12.5,6.6,4447,0.917,LOW
1638,0.77,128.1,7,70.2,9.0,977,0.665,MEDIUM
1639,0.73,66.1,0,68.8,6.3,5809,0.478,MEDIUM
1640,0.1,613.6,39,81.7,1.4,6513,0.76,LOW
1641,0.05,279.6,98,37.4,9.0,7249,0.211,HIGH
1642,0.94,4.6,26,95.5,9.6,2394,0.0,HIGH
1643,0.71,203.4,94,15.0,8.1,1234,0.91,LOW
1644,0.69,531.1,31,94.3,2.8,8321,0.985,LOW
1645,0.47,411.6,71,89.2,1.8,7837,0.96,LOW
1646,0.24,497.8,82,14.9,5.4,2669,0.737,LOW
1647,0.06,96.2,55,69.0,1.4,6968,0.099,HIGH
1648,0.7,420.9,15,40.2,2.6,1141,0.922,LOW
1649,0.74,396.0,17,25.7,1.6,7346,0.903,LOW
1650,0.77,494.3,58,38.5,8.7,4642,0.976,LOW
1651,0.6,375.9,55,79.9,9.2,8100,0.915,LOW
1652,0.59,205.4,40,11.8,6.0,6486,0.501,MEDIUM
1653,0.32,593.0,96,50.4,4.0,9947,0.955,LOW
1654,0.1,512.2,68,71.4,3.6,8827,0.679,MEDIUM
1655,0.53,416.7,29,58.3,8.3,5666,0.778,LOW
1656,0.19,60.2,71,37.2,1.8,6684,0.148,HIGH
1657,0.06,565.0,68,13.2,7.9,1242,0.412,MEDIUM
1658,0.04,444.9,19,50.4,2.9,1806,0.195,HIGH
1659,0.57,298.1,10,83.5,4.1,8766,0.732,LOW
1660,0.6,265.8,94,23.5,1.7,1789,0.945,LOW
1661,0.72,620.0,72,73.7,4.1,5340,0.997,LOW
1662,0.33,80.3,59,61.7,7.6,9488,0.203,HIGH
1663,0.55,182.4,27,7.8,9.5,1084,0.265,HIGH
1664,0.98,74.4,62,15.4,5.4,4632,0.924,LOW
1665,0.11,292.7,39,76.3,7.3,7524,0.16,HIGH
1666,0.44,92.1,3,39.6,4.2,6176,0.116,HIGH
1667,0.24,70.8,97,92.7,9.8,4437,0.393,HIGH
1668,0.49,521.9,48,92.3,4.2,4457,0.964,LOW
1669,0.91,159.1,97,25.4,8.5,5530,0.968,LOW
1670,0.47,134.5,3,91.9,9.7,1016,0.264,HIGH
1671,0.41,464.4,1,59.7,2.7,9586,0.611,MEDIUM
1672,0.38,197.7,57,54.7,6.9,5864,0.431,MEDIUM
1673,0.66,522.5,87,42.7,6.1,6246,0.987,LOW
1674,0.86,117.0,52,90.2,9.6,7362,0.926,LOW
1675,0.03,387.8,13,11.6,7.5,7539,0.03,HIGH
1676,0.93,318.9,87,23.3,8.7,1767,0.987,LOW
1677,0.95,2.1,33,98.4,5.3,9454,0.001,HIGH
1678,0.46,471.6,61,67.9,7.1,5897,0.909,LOW
1679,1.0,3.9,26,97.3,1.3,7534,0.001,HIGH
1680,0.64,222.8,10,68.0,4.4,3772,0.705,LOW
1681,0.89,1.1,22,99.5,8.9,6995,0.0,HIGH
1682,0.85,4.4,27,97.4,8.7,7780,0.0,HIGH
1683,0.46,616.8,51,34.0,4.3,4819,0.937,LOW
1684,0.15,428.2,0,28.0,7.6,3984,0.088,HIGH
1685,0.69,605.4,51,95.1,7.7,3386,0.993,LOW
1686,0.16,365.0,80,13.4,4.1,7140,0.394,HIGH
1687,0.5,87.6,36,66.4,9.4,9981,0.267,HIGH
1688,0.75,256.3,32,74.7,3.2,1766,0.941,LOW
1689,0.84,43.2,98,60.8,1.4,9211,0.971,LOW
1690,0.7,80.5,4,15.4,4.6,4637,0.306,HIGH
1691,0.67,560.3,34,61.2,7.1,6357,0.967,LOW
1692,0.62,68.7,43,97.1,9.0,5772,0.65,MEDIUM
1693,0.58,270.4,21,31.8,1.4,5055,0.672,MEDIUM
1694,0.3,471.1,52,70.6,7.7,9288,0.707,LOW
1695,0.94,322.5,36,59.5,8.3,1123,0.976,LOW
1696,0.87,3.8,46,97.2,5.7,2797,0.001,HIGH
1697,0.19,145.3,94,44.4,4.9,2545,0.35,HIGH
1698,0.28,80.8,45,87.1,6.7,9384,0.177,HIGH
1699,0.68,171.4,28,70.4,5.5,4508,0.775,LOW
1700,0.19,107.1,93,56.1,7.8,5775,0.242,HIGH
1701,0.09,92.4,13,76.7,1.6,3274,0.049,HIGH
1702,0.92,374.2,87,29.3,1.2,7688,0.995,LOW
1703,0.3,302.6,78,87.8,2.0,1478,0.856,LOW
1704,0.45,130.6,9,76.5,5.0,7719,0.262,HIGH
1705,0.42,54.5,57,2.1,3.3,8616,0.172,HIGH
1706,0.99,463.6,33,52.6,5.2,1207,0.994,LOW
1707,0.82,363.3,59,97.1,1.7,1718,0.995,LOW
1708,0.4,107.8,40,41.7,1.9,2480,0.326,HIGH
1709,0.87,471.4,85,43.6,3.0,3024,0.997,LOW
1710,0.59,152.1,94,36.9,4.4,5917,0.857,LOW
1711,0.85,571.4,75,67.2,4.0,6261,0.998,LOW
1712,0.07,234.5,33,13.4,7.8,1752,0.033,HIGH
1713,0.03,451.6,15,78.3,2.9,1024,0.265,HIGH
1714,0.61,469.9,86,69.8,5.6,3307,0.987,LOW
1715,0.47,221.6,90,29.0,3.4,6900,0.785,LOW
1716,0.23,454.9,29,75.7,4.2,8225,0.54,MEDIUM
1717,0.62,30.7,53,73.0,3.7,4812,0.702,LOW
1718,0.64,64.9,25,74.9,8.4,9052,0.44,MEDIUM
1719,0.71,453.9,58,37.8,4.8,7298,0.969,LOW
1720,0.49,474.9,31,60.7,4.5,7374,0.86,LOW
1721,0.26,332.5,40,82.9,8.7,5317,0.418,MEDIUM
1722,0.21,572.9,13,68.5,4.3,1873,0.619,MEDIUM
1723,0.78,502.4,9,60.1,2.7,4321,0.972,LOW
1724,0.95,281.5,48,21.7,7.2,1415,0.964,LOW
1725,0.02,613.9,80,72.8,8.9,1516,0.722,LOW
1726,0.77,560.1,13,77.4,6.5,8597,0.975,LOW
1727,0.11,321.8,7,92.2,3.4,2612,0.199,HIGH
1728,0.49,323.6,64,26.8,8.7,2237,0.717,LOW
1729,0.21,454.4,91,18.4,6.0,2198,0.684,MEDIUM
1730,0.75,120.9,87,93.9,5.4,6389,0.967,LOW
1731,0.93,46.2,95,34.6,7.2,4099,0.957,LOW
1732,0.13,95.0,66,52.7,7.4,2470,0.096,HIGH
1733,0.79,172.4,25,66.2,2.7,6384,0.883,LOW
1734,0.2,259.5,16,72.1,9.5,9962,0.09,HIGH
1735,0.72,136.3,84,69.8,9.8,2285,0.917,LOW
1736,0.17,170.3,56,2.1,6.9,7671,0.054,HIGH
1737,0.21,461.7,67,47.8,8.5,3499,0.603,MEDIUM
1738,0.57,522.5,53,81.8,4.7,4153,0.977,LOW
1739,0.29,352.7,37,42.6,3.7,8725,0.404,MEDIUM
1740,0.31,594.4,89,62.4,3.8,1116,0.968,LOW
1741,0.41,625.3,71,30.4,4.1,4145,0.953,LOW
1742,0.76,357.0,88,82.9,1.1,759,0.996,LOW
1743,0.97,3.3,36,96.0,7.5,2780,0.001,HIGH
1744,0.96,63.2,62,67.1,2.2,3772,0.974,LOW
1745,0.02,609.0,55,26.3,8.1,9424,0.297,HIGH
1746,0.29,494.5,19,74.4,3.3,4371,0.695,MEDIUM
1747,0.54,456.4,38,96.6,7.8,6990,0.925,LOW
1748,0.43,523.5,3,24.9,3.3,9804,0.58,MEDIUM
1749,0.34,456.9,18,28.1,2.5,1620,0.553,MEDIUM
1750,0.56,398.9,81,80.4,6.7,6989,0.964,LOW
1751,0.22,157.3,19,8.3,4.5,8072,0.037,HIGH
1752,0.88,324.5,98,61.9,8.1,9219,0.992,LOW
1753,0.3,627.0,31,58.6,1.2,3488,0.886,LOW
1754,0.09,379.1,67,22.8,1.5,2370,0.364,HIGH
1755,1.0,577.0,29,31.6,5.2,1944,0.995,LOW
1756,0.29,489.8,79,79.9,1.2,4522,0.942,LOW
1757,0.03,301.9,0,43.8,2.4,2132,0.046,HIGH
1758,0.73,235.0,10,23.4,9.3,6014,0.522,MEDIUM
1759,0.5,178.3,2,64.5,8.1,8827,0.232,HIGH
1760,0.88,196.8,85,79.7,1.0,6445,0.992,LOW
1761,0.81,286.9,83,68.0,4.0,9655,0.986,LOW
1762,0.17,145.4,55,47.0,6.2,6651,0.107,HIGH
1763,0.7,593.3,47,27.0,8.7,7585,0.963,LOW
1764,0.89,556.9,53,45.4,3.4,5500,0.996,LOW
1765,0.91,4.5,13,96.6,6.0,7273,0.0,HIGH
1766,0.86,155.6,2,97.4,4.6,9332,0.876,LOW
1767,0.74,202.6,18,96.2,1.1,1315,0.93,LOW
1768,0.93,237.2,82,45.7,2.2,8880,0.989,LOW
1769,0.57,360.9,80,96.3,8.2,9567,0.958,LOW
1770,0.64,54.6,88,79.6,3.9,7743,0.894,LOW
1771,0.04,437.1,62,41.6,4.7,1839,0.354,HIGH
1772,0.68,518.2,99,89.2,1.0,7708,0.998,LOW
1773,0.69,158.6,51,46.0,8.1,9169,0.718,LOW
1774,0.69,58.8,90,76.1,9.5,9406,0.852,LOW
1775,0.38,340.0,64,3.1,6.7,3068,0.524,MEDIUM
1776,0.76,401.1,98,56.4,5.8,2445,0.993,LOW
1777,0.07,144.0,9,49.4,9.8,6672,0.012,HIGH
1778,0.67,292.1,27,93.3,3.9,3617,0.925,LOW
1779,0.74,88.1,97,2.3,9.7,5285,0.787,LOW
1780,0.52,96.3,42,63.5,7.8,7695,0.396,HIGH
1781,0.2,307.7,50,76.1,9.3,9728,0.276,HIGH
1782,0.59,570.6,78,98.0,7.7,1186,0.993,LOW
1783,0.61,57.3,23,99.7,1.9,1102,0.721,LOW
1784,0.68,304.6,36,36.7,1.9,1760,0.901,LOW
1785,0.22,236.2,76,80.2,5.1,9121,0.503,MEDIUM
1786,0.27,166.4,3,70.3,4.4,8387,0.096,HIGH
1787,0.63,428.9,23,44.2,8.7,6941,0.804,LOW
1788,0.93,444.1,47,49.4,1.4,4149,0.994,LOW
1789,0.97,45.5,35,71.3,3.7,9338,0.926,LOW
1790,0.34,520.2,80,88.5,6.9,6741,0.94,LOW
1791,0.62,272.1,45,8.8,2.0,8381,0.743,LOW
1792,0.62,84.5,57,93.3,1.8,8926,0.848,LOW
1793,0.92,622.7,36,5.6,2.0,5832,0.994,LOW
1794,0.52,246.8,25,24.5,1.3,5030,0.539,MEDIUM
1795,0.61,392.8,44,54.6,6.6,7959,0.884,LOW
1796,0.35,125.6,91,19.1,6.2,7269,0.359,HIGH
1797,0.47,133.3,10,61.1,3.4,4534,0.309,HIGH
1798,0.64,470.9,35,36.6,8.0,991,0.912,LOW
1799,0.67,281.7,84,20.3,3.3,4189,0.939,LOW
1800,0.02,436.1,35,24.3,9.3,3524,0.085,HIGH
1801,0.52,157.6,50,87.7,9.7,7844,0.593,MEDIUM
1802,0.69,101.3,64,33.3,4.9,8587,0.745,LOW
1803,0.73,516.3,92,24.0,2.1,2344,0.994,LOW
1804,0.9,2.0,31,92.4,7.1,4396,0.0,HIGH
1805,0.49,168.7,13,60.8,4.2,4544,0.384,HIGH
1806,0.08,84.9,47,73.4,9.9,6515,0.038,HIGH
1807,0.34,42.7,12,76.2,7.2,3187,0.095,HIGH
1808,0.85,2.9,42,94.9,9.1,2953,0.0,HIGH
1809,0.99,435.2,81,49.7,2.7,5433,0.998,LOW
1810,0.55,90.5,73,13.5,4.9,9014,0.497,MEDIUM
1811,0.39,140.1,21,43.0,2.0,7597,0.216,HIGH
1812,0.82,92.0,9,56.4,5.9,6421,0.67,MEDIUM
1813,0.85,584.4,78,1.6,1.9,9214,0.995,LOW
1814,0.97,519.6,79,80.3,7.0,954,0.999,LOW
1815,0.86,535.0,67,83.4,2.0,1791,0.998,LOW
1816,0.17,69.0,37,2.6,7.6,8303,0.017,HIGH
1817,0.72,287.4,40,97.4,6.9,6759,0.94,LOW
1818,0.78,376.9,25,8.8,1.9,6724,0.91,LOW
1819,0.92,331.2,25,28.0,8.6,5333,0.928,LOW
1820,0.71,225.2,50,70.8,6.0,1120,0.919,LOW
1821,0.54,422.5,61,32.7,8.7,5068,0.853,LOW
1822,0.88,334.9,44,84.6,7.1,7358,0.981,LOW
1823,0.1,241.6,73,20.8,4.6,8806,0.134,HIGH
1824,0.32,613.9,11,84.9,6.7,9663,0.75,LOW
1825,0.37,124.9,2,83.3,4.5,2550,0.201,HIGH
1826,0.83,597.4,67,93.4,7.2,4323,0.998,LOW
1827,0.87,499.2,89,99.4,6.3,1369,0.999,LOW
1828,0.24,406.2,9,94.7,9.4,4914,0.334,HIGH
1829,0.92,414.8,73,13.7,3.0,9063,0.991,LOW
1830,0.02,491.1,12,6.6,8.9,5180,0.045,HIGH
1831,0.43,192.0,27,47.3,4.3,5894,0.339,HIGH
1832,0.1,465.5,71,18.7,7.4,5185,0.341,HIGH
1833,0.21,331.2,22,88.1,6.5,7698,0.279,HIGH
1834,0.83,535.2,22,54.2,3.3,6528,0.986,LOW
1835,0.94,500.7,31,65.3,2.0,5146,0.995,LOW
1836,0.04,607.1,32,73.3,9.5,7390,0.355,HIGH
1837,0.68,325.5,49,50.9,4.4,1756,0.936,LOW
1838,0.07,429.5,67,93.3,5.5,5279,0.593,MEDIUM
1839,0.48,492.7,73,8.0,5.0,2652,0.901,LOW
1840,0.98,316.0,82,40.4,2.6,7570,0.995,LOW
1841,0.91,1.8,16,93.4,1.7,5336,0.0,HIGH
1842,0.47,131.5,74,90.3,5.0,4434,0.782,LOW
1843,0.89,4.7,43,99.2,7.2,5605,0.0,HIGH
1844,0.45,257.5,63,55.4,5.2,8781,0.689,MEDIUM
1845,0.4,331.1,20,81.3,5.5,5744,0.582,MEDIUM
1846,0.14,229.7,90,53.9,8.7,2872,0.317,HIGH
1847,0.79,372.0,58,73.3,1.6,4540,0.989,LOW
1848,0.11,203.0,83,72.7,5.0,6006,0.319,HIGH
1849,0.29,448.1,40,16.4,8.2,1840,0.399,HIGH
1850,0.96,399.6,89,67.9,8.7,6795,0.997,LOW
1851,0.78,145.7,29,90.2,6.2,5253,0.881,LOW
1852,0.94,530.0,85,65.5,1.1,5471,0.999,LOW
1853,0.21,442.3,0,43.3,4.0,8238,0.202,HIGH
1854,0.8,58.1,5,43.3,7.3,3983,0.491,MEDIUM
1855,0.76,188.2,41,62.6,9.6,2572,0.844,LOW
1856,0.42,440.0,87,14.1,6.8,8730,0.824,LOW
1857,0.18,136.5,85,80.6,8.8,5907,0.288,HIGH
1858,0.76,260.8,83,77.3,3.4,1939,0.987,LOW
1859,0.87,424.6,53,17.1,4.1,7802,0.978,LOW
1860,0.77,618.9,25,91.2,9.4,6262,0.988,LOW
1861,0.2,599.5,60,88.6,9.3,3192,0.837,LOW
1862,0.21,198.8,80,74.3,6.7,734,0.465,MEDIUM
1863,0.28,60.5,52,58.0,1.9,8127,0.198,HIGH
1864,0.9,541.6,22,18.2,8.4,6877,0.969,LOW
1865,0.04,495.5,63,14.9,1.9,6084,0.348,HIGH
1866,0.67,165.3,98,82.9,5.6,6724,0.961,LOW
1867,0.7,507.7,1,5.4,5.3,7881,0.803,LOW
1868,0.15,435.0,37,29.5,6.2,4015,0.254,HIGH
1869,0.62,237.6,55,93.6,1.2,3546,0.951,LOW
1870,0.47,318.4,19,30.9,1.6,1306,0.586,MEDIUM
1871,0.31,147.2,78,49.0,7.7,3793,0.364,HIGH
1872,0.82,71.4,65,99.6,7.8,8256,0.933,LOW
1873,0.4,105.7,44,99.6,8.4,8848,0.364,HIGH
1874,0.61,82.0,95,54.7,2.7,9770,0.865,LOW
1875,0.9,203.4,98,16.7,6.0,611,0.981,LOW
1876,0.03,403.7,12,37.3,8.0,6744,0.049,HIGH
1877,0.84,142.1,37,50.5,3.6,7806,0.88,LOW
1878,0.7,38.2,18,21.3,3.9,9141,0.331,HIGH
1879,0.12,65.0,73,8.8,1.1,7600,0.069,HIGH
1880,0.2,231.6,29,31.7,8.4,1857,0.083,HIGH
1881,0.3,594.7,50,61.3,3.7,1098,0.902,LOW
1882,0.44,394.5,78,55.0,8.5,5740,0.857,LOW
1883,0.04,205.2,99,0.6,2.2,4665,0.163,HIGH
1884,0.31,134.3,55,76.0,3.9,969,0.438,MEDIUM
1885,0.42,306.2,38,53.0,2.3,3555,0.68,MEDIUM
1886,0.35,35.8,49,97.1,9.0,9150,0.211,HIGH
1887,0.16,320.1,34,15.9,6.7,2092,0.112,HIGH
1888,0.77,49.6,88,11.9,3.0,9876,0.848,LOW
1889,0.77,179.2,28,64.8,6.5,7674,0.815,LOW
1890,0.09,269.1,45,12.3,1.4,2854,0.11,HIGH
1891,0.69,433.8,21,67.1,6.3,2050,0.938,LOW
1892,0.92,204.7,7,83.6,5.0,5429,0.934,LOW
1893,0.92,530.0,16,67.0,6.6,770,0.991,LOW
1894,0.55,111.9,15,66.4,6.2,2804,0.39,HIGH
1895,0.47,148.9,89,73.6,9.4,3594,0.741,LOW
1896,0.12,278.7,9,58.5,9.2,6147,0.047,HIGH
1897,0.78,180.6,86,72.4,2.2,8362,0.978,LOW
1898,0.22,392.9,72,83.2,5.6,5670,0.744,LOW
1899,0.63,519.9,12,27.0,6.9,7296,0.83,LOW
1900,0.39,162.6,59,88.5,3.3,6201,0.649,MEDIUM
1901,0.42,610.8,76,64.6,1.5,6946,0.979,LOW
1902,0.28,579.6,77,44.8,5.9,1004,0.9,LOW
1903,0.45,205.4,90,1.1,7.2,1775,0.59,MEDIUM
1904,0.35,279.5,76,30.4,6.0,9883,0.525,MEDIUM
1905,0.7,170.7,31,24.2,6.9,7117,0.577,MEDIUM
1906,0.94,584.9,82,50.9,5.0,3814,0.999,LOW
1907,0.17,52.6,52,79.9,6.7,7347,0.093,HIGH
1908,0.8,214.8,96,15.7,4.5,2142,0.968,LOW
1909,0.9,1.6,15,90.8,1.9,860,0.0,HIGH
1910,0.18,164.3,27,76.9,1.5,5137,0.174,HIGH
1911,0.07,414.0,47,62.9,8.0,3714,0.263,HIGH
1912,0.37,105.3,76,33.0,5.3,6385,0.344,HIGH
1913,0.14,230.6,88,25.4,4.4,7311,0.259,HIGH
1914,0.08,339.8,69,45.9,4.0,3112,0.331,HIGH
1915,0.08,535.6,4,18.9,3.2,3528,0.151,HIGH
1916,0.27,134.3,91,18.6,4.8,1039,0.345,HIGH
1917,0.62,609.0,80,47.6,4.9,1384,0.992,LOW
1918,0.37,623.1,86,27.9,1.9,6083,0.962,LOW
1919,0.78,548.9,13,89.5,8.8,3240,0.979,LOW
1920,0.87,237.8,17,28.8,6.6,4061,0.85,LOW
1921,0.68,181.2,16,64.0,5.5,2740,0.711,LOW
1922,0.65,445.9,79,37.2,9.5,2107,0.962,LOW
1923,0.29,289.2,46,82.1,4.9,2411,0.571,MEDIUM
1924,0.94,188.5,89,37.1,8.3,3914,0.979,LOW
1925,0.89,455.3,1,2.3,8.9,2485,0.89,LOW
1926,0.99,625.7,86,63.0,1.3,6969,1.0,LOW
1927,0.61,336.4,56,91.9,7.2,835,0.951,LOW
1928,0.42,490.6,63,16.4,9.3,7945,0.728,LOW
1929,0.99,189.7,68,50.9,7.8,5108,0.979,LOW
1930,0.09,485.2,98,94.0,1.5,4530,0.899,LOW
1931,0.49,68.7,43,2.6,9.7,887,0.145,HIGH
1932,0.94,541.2,74,56.6,4.2,514,0.999,LOW
1933,0.07,365.8,14,19.6,5.5,1183,0.062,HIGH
1934,0.3,188.3,95,21.9,8.4,7642,0.355,HIGH
1935,0.68,507.1,96,55.2,3.9,2971,0.994,LOW
1936,0.66,236.0,23,12.2,6.9,1526,0.564,MEDIUM
1937,0.71,294.6,88,11.4,3.8,8904,0.943,LOW
1938,0.93,35.2,18,50.3,5.9,1360,0.802,LOW
1939,0.96,341.0,20,78.0,4.2,4603,0.984,LOW
1940,0.94,393.6,6,36.8,3.8,2453,0.966,LOW
1941,0.74,415.0,43,5.7,4.7,7099,0.917,LOW
1942,0.16,178.9,76,24.9,5.2,9033,0.145,HIGH
1943,0.58,371.7,70,29.9,4.5,4906,0.911,LOW
1944,0.45,126.3,22,73.3,2.6,4064,0.404,MEDIUM
1945,0.24,472.0,59,93.7,5.1,7553,0.81,LOW
1946,0.59,33.2,15,45.6,1.2,945,0.396,HIGH
1947,0.75,99.6,51,11.5,7.5,6367,0.618,MEDIUM
1948,0.43,163.9,42,22.6,3.7,5706,0.319,HIGH
1949,0.93,78.6,2,80.9,5.8,7935,0.82,LOW
1950,0.1,402.2,25,77.6,7.8,3965,0.219,HIGH
1951,0.59,243.6,42,77.9,7.0,3543,0.814,LOW
1952,0.71,40.9,99,12.9,1.9,5255,0.869,LOW
1953,0.04,367.3,51,20.5,2.2,2456,0.176,HIGH
1954,0.12,486.9,73,15.1,1.5,5954,0.559,MEDIUM
1955,0.28,63.5,98,22.6,7.6,6120,0.213,HIGH
1956,0.81,62.7,86,4.3,8.4,4463,0.818,LOW
1957,0.24,418.7,26,15.6,4.0,6794,0.255,HIGH
1958,0.15,616.2,53,81.0,4.2,4540,0.83,LOW
1959,0.52,513.4,4,34.8,7.9,966,0.708,LOW
1960,0.96,206.1,68,82.7,2.7,1915,0.993,LOW
1961,0.78,148.9,67,44.7,9.2,7709,0.861,LOW
1962,0.96,507.5,75,43.8,2.7,4771,0.998,LOW
1963,0.01,176.0,25,39.2,1.4,5201,0.033,HIGH
1964,0.52,626.5,37,71.4,8.1,8994,0.945,LOW
1965,0.89,380.9,60,92.2,7.2,7381,0.992,LOW
1966,0.68,560.7,94,28.6,4.8,5998,0.992,LOW
1967,0.23,588.3,45,0.4,4.1,1249,0.609,MEDIUM
1968,0.03,138.7,17,92.0,4.3,8653,0.039,HIGH
1969,0.44,314.7,25,67.0,5.6,2385,0.616,MEDIUM
1970,0.62,169.0,44,44.1,4.6,7935,0.676,MEDIUM
1971,0.58,394.7,49,55.7,7.4,2882,0.896,LOW
1972,0.56,619.0,23,90.5,3.1,2124,0.98,LOW
1973,0.48,116.6,4,33.8,7.9,6012,0.109,HIGH
1974,0.81,236.9,80,58.5,3.6,6235,0.979,LOW
1975,0.23,314.0,19,45.2,6.0,986,0.192,HIGH
1976,0.47,312.6,73,37.8,4.1,9996,0.795,LOW
1977,0.72,400.1,27,77.3,2.6,9961,0.958,LOW
1978,0.37,118.3,74,47.8,5.7,4068,0.44,MEDIUM
1979,0.96,91.8,61,4.5,2.4,9226,0.919,LOW
1980,0.39,328.3,46,35.3,6.7,8304,0.48,MEDIUM
1981,0.73,118.2,62,23.2,5.6,2557,0.805,LOW
1982,0.23,311.0,41,51.9,7.3,2097,0.288,HIGH
1983,0.32,210.1,59,29.3,2.8,9533,0.334,HIGH
1984,0.27,417.4,34,60.7,1.7,1798,0.657,MEDIUM
1985,0.25,404.6,83,3.7,6.5,3306,0.537,MEDIUM
1986,0.58,318.0,40,4.1,5.6,2046,0.668,MEDIUM
1987,0.17,516.1,81,6.6,5.7,3673,0.608,MEDIUM
1988,0.3,495.5,76,41.6,1.9,7529,0.87,LOW
1989,0.72,308.3,9,1.2,5.8,7844,0.592,MEDIUM
1990,0.05,625.8,32,35.2,3.6,2909,0.432,MEDIUM
1991,0.04,114.0,14,6.0,2.9,3031,0.011,HIGH
1992,0.77,525.6,13,73.5,3.4,9300,0.977,LOW
1993,0.77,274.1,58,26.9,9.7,7694,0.868,LOW
1994,0.75,478.9,65,54.4,1.2,8659,0.991,LOW
1995,0.72,446.3,24,16.8,5.2,9923,0.872,LOW
1996,0.78,544.9,82,7.9,5.6,7830,0.988,LOW
1997,0.61,379.1,97,30.4,3.4,9196,0.964,LOW
1998,0.57,459.2,2,34.8,4.7,6529,0.721,LOW
1999,0.99,186.1,47,44.4,3.8,5330,0.972,LOW
2000,0.1,192.6,93,49.5,1.3,7193,0.346,HIGH
2001,0.55,260.2,33,86.5,5.2,4757,0.801,LOW
2002,0.66,545.8,42,27.1,5.5,5448,0.954,LOW
2003,0.32,356.1,23,68.3,8.5,2598,0.412,MEDIUM
2004,0.91,2.2,25,92.9,8.4,6412,0.0,HIGH
2005,0.4,152.8,84,2.5,8.5,852,0.365,HIGH
2006,0.56,439.1,84,3.8,5.5,9293,0.908,LOW
2007,0.66,207.4,74,99.5,4.7,3796,0.962,LOW
2008,0.81,156.1,48,12.8,3.8,1655,0.857,LOW
2009,0.53,403.6,68,54.8,7.1,545,0.927,LOW
2010,0.25,399.0,76,25.3,2.8,7007,0.644,MEDIUM
2011,0.96,487.0,61,5.7,2.6,8787,0.993,LOW
2012,0.57,572.5,83,12.5,9.7,8404,0.949,LOW
2013,0.95,4.3,32,98.4,8.4,7050,0.0,HIGH
2014,0.28,369.7,84,66.0,5.2,5760,0.796,LOW
2015,0.98,5.0,15,99.8,1.4,4586,0.001,HIGH
2016,0.72,539.4,42,45.7,9.4,1536,0.969,LOW
2017,0.57,290.3,4,35.5,1.8,8592,0.553,MEDIUM
2018,0.61,439.7,66,77.4,5.2,9867,0.969,LOW
2019,0.47,588.7,0,38.4,4.8,2512,0.782,LOW
2020,0.38,410.4,16,72.9,7.1,5657,0.563,MEDIUM
2021,0.98,2.8,13,97.4,3.4,4205,0.001,HIGH
2022,0.96,3.2,34,99.5,1.2,839,0.001,HIGH
2023,0.87,4.5,48,94.2,5.1,2189,0.001,HIGH
2024,0.34,401.3,65,47.9,8.7,2761,0.687,MEDIUM
2025,0.92,155.3,20,98.8,7.7,7029,0.929,LOW
2026,0.19,335.2,76,45.7,2.7,8749,0.521,MEDIUM
2027,0.85,548.1,94,81.7,5.3,1088,0.999,LOW
2028,0.19,618.8,87,83.5,9.2,7939,0.899,LOW
2029,0.36,115.5,72,33.0,8.9,6840,0.242,HIGH
2030,0.64,576.4,61,46.0,1.4,7904,0.986,LOW
2031,0.93,4.2,46,98.8,2.8,8753,0.001,HIGH
2032,0.69,550.1,98,95.1,8.4,8944,0.996,LOW
2033,0.41,366.1,34,97.2,4.2,8230,0.79,LOW
2034,0.13,540.9,42,83.6,1.6,7432,0.71,LOW
2035,0.04,248.3,61,97.0,4.7,9183,0.235,HIGH
2036,0.25,65.5,89,55.9,8.8,1579,0.264,HIGH
2037,0.64,328.7,87,12.7,6.8,4111,0.918,LOW
2038,0.86,328.3,28,10.8,3.0,7446,0.919,LOW
2039,0.42,87.5,76,93.6,5.5,6208,0.663,MEDIUM
2040,0.6,501.4,76,57.9,4.4,7130,0.98,LOW
2041,0.8,212.6,30,17.2,2.8,2510,0.852,LOW
2042,0.49,218.9,24,34.3,9.9,9024,0.237,HIGH
2043,0.61,117.3,30,17.8,5.8,577,0.415,MEDIUM
2044,0.27,486.5,6,55.9,7.6,4286,0.363,HIGH
2045,0.56,593.7,81,25.1,3.8,4894,0.981,LOW
2046,0.7,205.1,49,33.7,5.9,2759,0.819,LOW
2047,0.67,473.8,37,14.9,4.9,7002,0.91,LOW
2048,0.94,314.6,54,51.2,3.2,6608,0.988,LOW
2049,0.12,598.6,5,28.1,8.4,7096,0.177,HIGH
2050,0.2,171.1,72,3.6,2.3,6966,0.16,HIGH
2051,0.17,311.7,60,21.7,8.1,1714,0.208,HIGH
2052,0.95,298.8,7,58.5,1.2,1409,0.972,LOW
2053,0.96,46.2,48,14.4,4.7,1443,0.884,LOW
2054,0.21,258.9,97,64.7,2.4,8265,0.667,MEDIUM
2055,0.76,444.9,65,18.5,9.5,3117,0.961,LOW
2056,0.99,603.3,33,75.0,1.1,8418,0.999,LOW
2057,0.18,112.6,52,8.5,5.4,3436,0.055,HIGH
2058,0.76,395.9,29,33.1,4.8,4344,0.931,LOW
2059,0.4,536.3,46,54.8,9.6,2398,0.832,LOW
2060,0.01,166.6,84,7.9,8.7,888,0.049,HIGH
2061,0.88,139.9,72,83.7,9.5,4509,0.965,LOW
2062,0.73,107.3,20,16.0,1.5,1228,0.627,MEDIUM
2063,0.26,298.7,15,78.1,5.6,6294,0.264,HIGH
2064,0.52,465.7,40,34.0,1.9,8564,0.873,LOW
2065,0.03,343.1,64,72.0,7.2,5230,0.247,HIGH
2066,0.58,47.7,72,22.7,9.6,3201,0.436,MEDIUM
2067,0.29,303.6,56,35.9,2.9,1841,0.523,MEDIUM
2068,0.97,1.5,38,98.6,4.5,5716,0.001,HIGH
2069,0.45,171.2,58,3.5,4.6,9488,0.314,HIGH
2070,0.56,350.9,5,70.8,3.6,5252,0.757,LOW
2071,0.14,365.0,2,36.2,6.4,1169,0.086,HIGH
2072,0.71,69.0,50,43.7,5.0,3990,0.721,LOW
2073,0.16,383.0,85,15.3,2.9,7037,0.484,MEDIUM
2074,0.4,388.1,40,61.5,6.5,6373,0.684,MEDIUM
2075,0.63,293.7,17,65.5,1.7,1219,0.859,LOW
2076,0.82,154.2,88,20.2,7.2,7704,0.923,LOW
2077,0.6,313.8,80,99.3,4.2,7843,0.973,LOW
2078,0.74,317.2,82,62.9,6.4,6593,0.975,LOW
2079,0.87,448.6,6,81.3,8.9,518,0.973,LOW
2080,0.31,327.0,59,28.4,6.9,6548,0.416,MEDIUM
2081,0.44,305.3,58,71.8,5.1,8457,0.783,LOW
2082,0.92,287.6,55,22.1,2.9,5579,0.974,LOW
2083,0.76,135.5,8,8.3,7.0,2293,0.444,MEDIUM
2084,0.51,94.7,29,34.4,1.1,6866,0.355,HIGH
2085,0.65,482.4,48,89.0,2.2,4061,0.986,LOW
2086,0.97,135.7,28,34.5,3.2,7681,0.912,LOW
2087,0.26,352.6,62,21.0,1.3,4358,0.548,MEDIUM
2088,0.01,58.9,73,36.1,8.6,2568,0.029,HIGH
2089,0.63,285.3,43,78.4,7.6,6355,0.865,LOW
2090,0.46,265.6,26,23.0,3.3,9194,0.375,HIGH
2091,0.92,97.8,80,91.3,3.1,9748,0.985,LOW
2092,0.19,483.9,81,12.3,2.8,6153,0.667,MEDIUM
2093,0.86,69.4,71,62.7,4.7,1683,0.952,LOW
2094,0.9,2.8,43,93.5,4.0,8680,0.001,HIGH
2095,0.2,335.7,13,8.1,4.6,3532,0.095,HIGH
2096,0.14,73.8,52,55.4,9.5,3424,0.05,HIGH
2097,0.16,340.1,19,43.0,4.9,8178,0.127,HIGH
2098,0.76,560.7,63,69.9,7.5,3829,0.993,LOW
2099,0.96,525.1,21,61.2,6.1,6204,0.992,LOW
2100,0.81,525.4,44,61.8,1.4,4646,0.993,LOW
2101,0.43,570.2,94,24.1,9.0,2488,0.945,LOW
2102,0.63,436.0,0,15.3,1.1,1226,0.809,LOW
2103,0.82,185.1,95,48.1,2.5,9191,0.979,LOW
2104,0.55,287.4,15,38.4,7.7,3457,0.495,MEDIUM
2105,0.89,101.7,87,54.8,7.3,648,0.97,LOW
2106,0.21,218.0,99,58.2,8.9,9742,0.41,MEDIUM
2107,0.32,491.1,46,35.2,5.2,5245,0.678,MEDIUM
2108,0.61,56.1,77,57.7,5.5,1274,0.786,LOW
2109,0.14,314.3,35,34.1,3.9,1559,0.181,HIGH
2110,0.06,453.8,10,72.3,8.5,969,0.153,HIGH
2111,0.99,380.3,17,11.0,5.1,3779,0.963,LOW
2112,0.25,595.7,89,24.4,9.0,5137,0.826,LOW
2113,0.17,415.5,45,45.7,3.6,3473,0.429,MEDIUM
2114,0.48,464.5,61,58.4,5.7,9479,0.903,LOW
2115,0.33,290.8,30,90.7,4.8,1592,0.584,MEDIUM
2116,0.01,103.3,30,15.7,8.0,8474,0.007,HIGH
2117,0.63,181.8,35,72.8,4.9,7782,0.751,LOW
2118,0.2,127.0,79,93.2,4.9,732,0.465,MEDIUM
2119,0.87,2.3,49,95.1,9.1,9659,0.0,HIGH
2120,0.18,230.0,14,22.0,2.0,4688,0.074,HIGH
2121,0.27,627.9,54,18.9,7.1,8177,0.71,LOW
2122,0.19,596.3,90,91.8,1.5,5360,0.963,LOW
2123,0.9,2.3,46,99.4,3.9,3750,0.001,HIGH
2124,0.72,216.8,31,82.5,5.2,2078,0.9,LOW
2125,0.86,3.7,49,97.1,7.4,2418,0.001,HIGH
2126,0.85,444.7,33,90.6,4.5,7670,0.989,LOW
2127,0.61,75.0,68,10.7,5.6,7310,0.515,MEDIUM
2128,0.56,209.4,25,7.9,6.3,2817,0.37,HIGH
2129,0.49,346.4,12,24.9,3.0,9118,0.475,MEDIUM
2130,0.33,588.0,57,60.4,8.6,6455,0.858,LOW
2131,0.47,455.3,84,18.6,1.6,5520,0.936,LOW
2132,0.92,1.7,29,95.2,5.8,4390,0.0,HIGH
2133,0.04,489.4,71,17.0,3.2,991,0.426,MEDIUM
2134,0.98,616.2,24,22.5,6.1,2974,0.993,LOW
2135,0.94,1.2,17,90.0,7.7,5890,0.0,HIGH
2136,0.41,571.4,53,21.9,1.5,6461,0.9,LOW
2137,0.48,203.0,59,16.6,5.3,7571,0.481,MEDIUM
2138,0.92,627.2,44,97.1,9.3,3435,0.998,LOW
2139,0.26,614.1,72,51.3,8.1,3442,0.878,LOW
2140,0.35,177.9,45,33.1,1.6,3740,0.346,HIGH
2141,0.89,165.8,17,97.8,7.8,3081,0.927,LOW
2142,0.76,96.5,66,37.8,8.6,3487,0.805,LOW
2143,0.31,428.3,88,85.3,6.3,6292,0.903,LOW
2144,0.24,55.7,1,75.7,3.4,8037,0.05,HIGH
2145,0.53,482.6,56,31.5,1.2,2321,0.945,LOW
2146,0.25,135.0,14,28.0,3.3,7757,0.053,HIGH
2147,0.23,609.4,20,35.7,8.4,9939,0.421,MEDIUM
2148,0.25,379.9,72,92.5,9.0,2760,0.738,LOW
2149,0.78,268.1,58,60.6,8.3,4338,0.947,LOW
2150,0.85,265.9,38,25.6,5.2,5256,0.919,LOW
2151,0.09,185.6,26,18.3,3.6,3946,0.036,HIGH
2152,0.89,4.7,46,92.4,2.9,1628,0.001,HIGH
2153,0.54,567.3,90,89.1,4.3,6330,0.993,LOW
2154,0.99,577.4,20,22.8,6.9,7481,0.988,LOW
2155,0.87,333.1,62,38.7,7.6,7586,0.971,LOW
2156,0.47,394.5,27,93.4,9.9,1240,0.785,LOW
2157,0.03,506.7,7,98.1,1.3,8204,0.337,HIGH
2158,0.21,286.4,73,23.5,1.8,9000,0.382,HIGH
2159,0.18,149.0,39,90.2,2.7,2798,0.242,HIGH
2160,0.72,160.7,78,10.7,8.6,3371,0.804,LOW
2161,0.13,476.5,63,56.4,6.1,3275,0.575,MEDIUM
2162,0.18,334.9,70,82.0,1.4,8911,0.66,MEDIUM
2163,0.85,273.7,4,86.2,1.7,9879,0.941,LOW
2164,0.62,381.8,95,68.0,3.6,3849,0.985,LOW
2165,0.24,338.4,34,11.9,5.0,9788,0.164,HIGH
2166,0.81,114.9,99,58.8,8.2,9027,0.951,LOW
2167,0.63,407.2,98,61.9,2.7,7373,0.988,LOW
2168,0.96,2.9,35,96.0,8.7,3236,0.001,HIGH
2169,0.33,55.4,21,19.8,4.5,962,0.068,HIGH
2170,0.15,513.5,91,56.4,2.4,1220,0.874,LOW
2171,0.86,416.1,56,70.2,3.3,7447,0.992,LOW
2172,0.58,170.5,86,0.4,8.9,2123,0.661,MEDIUM
2173,0.31,468.3,4,71.5,4.0,2535,0.578,MEDIUM
2174,0.47,387.6,69,49.1,3.4,6395,0.894,LOW
2175,0.69,311.7,59,67.2,9.0,5483,0.926,LOW
2176,0.29,393.1,3,23.6,8.6,7380,0.127,HIGH
2177,0.75,377.4,99,41.4,6.3,8629,0.985,LOW
2178,0.69,191.7,51,55.5,7.4,4537,0.824,LOW
2179,0.15,245.6,17,66.0,9.9,9753,0.053,HIGH
2180,0.74,359.0,29,95.8,3.7,5824,0.969,LOW
2181,0.51,340.6,34,81.9,1.2,3148,0.887,LOW
2182,0.06,384.2,8,78.2,9.6,1583,0.101,HIGH
2183,0.66,240.9,30,56.4,7.5,3415,0.759,LOW
2184,0.91,1.5,47,97.5,4.7,819,0.001,HIGH
2185,0.87,371.3,93,18.2,9.8,6093,0.983,LOW
2186,0.32,95.9,13,7.8,1.6,5345,0.059,HIGH
2187,0.08,515.4,24,65.0,7.8,8149,0.244,HIGH
2188,0.56,344.4,79,88.7,9.8,9502,0.932,LOW
2189,0.17,227.0,29,19.0,8.2,1673,0.055,HIGH
2190,0.04,39.5,76,16.6,3.2,2993,0.043,HIGH
2191,0.9,88.4,95,34.8,3.9,2205,0.974,LOW
2192,0.88,4.2,32,94.7,4.0,5168,0.0,HIGH
2193,0.37,421.6,96,14.5,7.1,962,0.841,LOW
2194,0.21,447.4,53,51.7,5.9,6463,0.542,MEDIUM
2195,0.41,408.9,17,68.8,2.2,2599,0.749,LOW
2196,0.76,545.0,74,47.0,7.1,7411,0.991,LOW
2197,0.92,455.1,27,5.0,8.1,5228,0.954,LOW
2198,0.68,274.0,62,59.6,9.6,811,0.911,LOW
2199,0.82,237.3,70,16.9,6.9,9708,0.916,LOW
2200,0.54,452.3,32,88.4,8.7,5052,0.893,LOW
2201,0.89,120.3,73,25.5,4.8,9763,0.927,LOW
2202,0.6,513.0,40,87.8,4.6,6201,0.971,LOW
2203,0.38,512.6,71,94.0,1.5,4135,0.971,LOW
2204,0.88,333.4,78,47.0,8.6,5531,0.985,LOW
2205,0.91,501.6,2,96.4,1.2,3318,0.994,LOW
2206,0.65,307.1,74,22.0,2.9,7829,0.917,LOW
2207,0.12,80.9,97,91.8,3.3,1938,0.422,MEDIUM
2208,0.57,540.0,40,22.3,1.7,9960,0.924,LOW
2209,0.79,337.8,16,93.7,2.1,9192,0.962,LOW
2210,0.17,210.4,37,90.3,1.2,7992,0.296,HIGH
2211,0.71,103.9,21,61.9,2.3,5592,0.713,LOW
2212,0.14,270.5,46,18.3,3.2,4589,0.136,HIGH
2213,0.33,414.4,8,39.6,8.5,7714,0.252,HIGH
2214,0.89,2.2,29,97.6,5.3,9944,0.0,HIGH
2215,0.68,220.4,26,38.9,3.0,2490,0.774,LOW
2216,0.57,469.7,99,58.3,4.4,842,0.988,LOW
2217,0.55,311.1,56,89.8,7.6,6299,0.891,LOW
2218,0.84,546.1,39,94.2,7.6,9262,0.993,LOW
2219,0.25,128.8,91,21.3,6.0,1735,0.289,HIGH
2220,0.28,430.3,57,43.6,5.1,8731,0.61,MEDIUM
2221,0.77,229.4,13,25.5,4.2,7317,0.728,LOW
2222,0.26,99.1,80,74.8,4.9,6142,0.384,HIGH
2223,0.88,297.2,90,25.0,6.9,6513,0.981,LOW
2224,0.86,477.5,47,21.3,8.5,6787,0.971,LOW
2225,0.31,211.8,0,80.2,7.8,3924,0.144,HIGH
2226,0.88,4.4,15,98.5,5.9,5791,0.0,HIGH
2227,0.46,339.4,50,85.0,3.1,8179,0.866,LOW
2228,0.26,187.7,37,81.9,1.3,7500,0.346,HIGH
2229,0.03,338.2,23,91.4,7.2,5818,0.124,HIGH
2230,0.5,383.6,21,36.4,5.2,5834,0.643,MEDIUM
2231,0.16,557.3,55,24.5,6.4,4260,0.528,MEDIUM
2232,0.95,4.1,19,91.0,2.0,8720,0.0,HIGH
2233,0.82,569.5,24,14.7,8.0,6261,0.96,LOW
2234,0.23,461.4,26,17.9,1.9,6285,0.357,HIGH
2235,0.64,377.6,5,57.5,6.7,7100,0.756,LOW
2236,0.33,433.0,0,85.8,3.2,2586,0.607,MEDIUM
2237,0.02,559.6,80,50.1,7.5,4805,0.563,MEDIUM
2238,0.78,286.2,71,78.2,6.4,9097,0.974,LOW
2239,0.6,155.9,70,56.4,2.5,9171,0.835,LOW
2240,0.4,540.9,56,72.7,4.8,5725,0.929,LOW
2241,0.05,380.3,69,36.3,4.4,3370,0.294,HIGH
2242,0.47,232.7,8,60.4,4.1,3494,0.428,MEDIUM
2243,0.64,500.1,5,21.9,4.9,2127,0.847,LOW
2244,0.57,205.7,75,90.5,1.2,1076,0.952,LOW
2245,0.67,295.4,29,25.2,6.2,7555,0.713,LOW
2246,0.31,60.0,99,50.9,2.0,7988,0.496,MEDIUM
2247,0.77,590.9,64,89.1,8.8,7867,0.995,LOW
2248,0.45,105.7,72,9.3,9.8,4168,0.269,HIGH
2249,0.77,289.6,2,50.0,9.5,4350,0.73,LOW
2250,0.72,123.6,72,40.4,2.2,3885,0.903,LOW
2251,0.66,128.5,46,44.9,2.4,5477,0.76,LOW
2252,0.48,84.3,99,2.3,8.5,1412,0.479,MEDIUM
2253,0.4,213.4,7,32.2,8.9,6126,0.112,HIGH
2254,0.99,416.9,41,90.5,3.2,2274,0.997,LOW
2255,0.36,576.8,82,44.0,5.7,4781,0.938,LOW
2256,0.22,284.5,74,87.9,2.9,7126,0.67,MEDIUM
2257,0.03,549.5,1,46.7,1.2,5545,0.203,HIGH
2258,0.55,340.3,93,6.2,1.0,3476,0.932,LOW
2259,0.46,622.5,65,70.3,3.9,2842,0.98,LOW
2260,0.08,199.0,47,99.2,4.5,3481,0.206,HIGH
2261,0.93,298.5,81,77.4,5.4,1030,0.995,LOW
2262,0.35,598.2,23,95.5,3.0,3629,0.916,LOW
2263,0.6,486.5,40,43.8,7.2,911,0.923,LOW
2264,0.17,594.4,58,23.1,1.5,5308,0.728,LOW
2265,0.12,395.7,93,80.9,9.0,9410,0.601,MEDIUM
2266,0.61,79.2,22,91.7,6.1,9039,0.527,MEDIUM
2267,0.21,455.6,88,13.4,6.3,609,0.669,MEDIUM
2268,0.56,619.2,79,72.8,5.4,6494,0.99,LOW
2269,0.48,89.0,76,78.2,1.6,8295,0.76,LOW
2270,0.62,33.6,49,82.5,2.9,8233,0.716,LOW
2271,0.67,615.5,15,54.5,1.2,5897,0.976,LOW
2272,0.72,97.7,79,31.4,2.7,6697,0.875,LOW
2273,0.18,273.4,67,73.1,2.6,5640,0.509,MEDIUM
2274,0.94,32.9,86,31.5,9.6,5925,0.921,LOW
2275,0.35,551.1,53,87.1,3.2,3485,0.939,LOW
2276,0.24,613.6,11,11.0,7.1,2161,0.392,HIGH
2277,0.25,346.7,24,74.8,1.6,2723,0.5,MEDIUM
2278,0.44,370.1,45,26.0,1.1,6037,0.735,LOW
2279,0.3,588.6,12,66.0,2.8,3047,0.768,LOW
2280,0.38,509.1,1,65.6,7.6,9313,0.531,MEDIUM
2281,0.14,51.2,99,9.6,4.9,3083,0.116,HIGH
2282,0.45,164.6,41,70.4,6.8,7385,0.432,MEDIUM
2283,0.61,527.6,60,68.0,9.2,7976,0.964,LOW
2284,0.33,312.5,43,51.8,9.3,6633,0.352,HIGH
2285,0.9,53.5,87,65.3,6.0,4543,0.968,LOW
2286,0.36,576.9,70,97.9,7.7,4687,0.958,LOW
2287,0.38,414.9,45,5.8,7.2,3662,0.496,MEDIUM
2288,0.37,480.0,61,12.5,6.2,4597,0.727,LOW
2289,0.23,198.9,10,19.7,6.9,2613,0.046,HIGH
2290,0.18,410.1,66,83.0,5.3,1682,0.708,LOW
2291,0.61,541.0,63,28.4,8.0,549,0.961,LOW
2292,0.86,339.1,84,79.3,8.8,3301,0.992,LOW
2293,0.58,245.0,9,52.5,6.7,8913,0.471,MEDIUM
2294,0.8,355.2,9,10.8,3.6,1755,0.864,LOW
2295,0.24,549.7,22,98.1,1.5,9293,0.789,LOW
2296,0.02,554.4,59,29.1,8.2,5848,0.299,HIGH
2297,0.96,180.6,15,61.4,7.8,8980,0.894,LOW
2298,0.82,57.2,79,32.1,7.0,7057,0.866,LOW
2299,0.39,136.0,31,67.0,3.8,7761,0.311,HIGH
2300,0.52,500.1,6,75.7,7.0,2583,0.841,LOW
2301,0.66,617.5,42,28.9,5.7,6856,0.968,LOW
2302,0.97,2.5,28,97.1,4.0,716,0.001,HIGH
2303,0.69,119.5,70,62.7,8.8,9339,0.808,LOW
2304,0.2,152.0,39,73.1,4.7,8308,0.149,HIGH
2305,0.96,494.3,96,92.0,3.0,1299,1.0,LOW
2306,0.33,600.7,73,90.4,2.4,2825,0.976,LOW
2307,0.2,131.3,13,48.0,1.4,7596,0.064,HIGH
2308,0.96,539.5,26,30.1,1.9,4428,0.993,LOW
2309,0.84,439.6,69,98.9,5.1,8007,0.996,LOW
2310,0.15,95.5,97,86.5,6.9,1566,0.373,HIGH
2311,0.2,89.2,16,71.9,1.3,7466,0.081,HIGH
2312,0.96,610.3,75,45.7,9.4,8156,0.998,LOW
2313,0.75,477.1,99,81.5,5.7,4625,0.997,LOW
2314,0.58,251.6,21,87.1,8.7,1448,0.724,LOW
2315,0.97,376.8,53,47.1,5.5,7179,0.99,LOW
2316,0.76,615.7,63,10.4,5.5,7922,0.987,LOW
2317,0.21,584.5,0,6.6,6.2,2413,0.238,HIGH
2318,0.8,189.8,24,64.5,6.3,1048,0.874,LOW
2319,0.76,63.2,76,42.3,5.8,6521,0.857,LOW
2320,0.03,124.7,59,41.1,9.7,3369,0.033,HIGH
2321,0.41,126.2,65,81.0,1.2,7989,0.682,MEDIUM
2322,0.43,248.1,93,66.1,9.4,4581,0.8,LOW
2323,0.24,507.4,11,74.1,9.6,7562,0.371,HIGH
2324,0.14,401.1,1,72.1,1.5,7410,0.229,HIGH
2325,0.41,519.5,4,31.7,7.3,8357,0.489,MEDIUM
2326,0.48,580.5,56,53.8,4.6,9392,0.946,LOW
2327,0.44,60.8,92,70.6,8.6,6962,0.564,MEDIUM
2328,0.67,256.3,62,74.7,7.0,7224,0.92,LOW
2329,0.44,168.9,50,44.8,2.0,2247,0.569,MEDIUM
2330,0.22,536.0,0,57.1,8.5,8171,0.276,HIGH
2331,0.01,189.5,39,6.9,3.1,2862,0.03,HIGH
2332,0.14,549.0,51,59.6,2.6,3075,0.716,LOW
2333,0.52,598.9,57,82.8,8.1,8896,0.969,LOW
2334,0.65,37.0,1,71.3,7.7,6830,0.289,HIGH
2335,0.23,557.2,63,84.6,9.1,1090,0.848,LOW
2336,0.99,458.4,97,24.1,6.3,7485,0.997,LOW
2337,0.38,503.0,11,35.4,5.1,594,0.616,MEDIUM
2338,0.58,76.8,46,15.7,6.3,6665,0.327,HIGH
2339,0.57,384.2,3,86.4,9.7,3622,0.724,LOW
2340,0.99,223.5,66,59.6,1.8,8859,0.99,LOW
2341,0.41,216.8,15,72.0,4.8,8985,0.332,HIGH
2342,0.72,239.0,97,33.0,4.8,9532,0.953,LOW
2343,0.44,179.9,0,0.4,5.4,6446,0.085,HIGH
2344,0.97,116.4,1,63.0,9.2,4751,0.808,LOW
2345,0.8,549.8,10,23.8,4.7,769,0.963,LOW
2346,0.92,70.3,56,31.6,8.8,7726,0.85,LOW
2347,0.94,575.7,72,73.2,5.5,4742,0.999,LOW
2348,0.73,583.1,73,98.3,3.5,2775,0.998,LOW
2349,0.85,290.5,80,10.7,8.5,890,0.964,LOW
2350,0.42,454.7,49,95.0,4.2,1079,0.933,LOW
2351,0.11,385.0,69,10.7,10.0,3278,0.18,HIGH
2352,0.54,472.6,48,57.1,2.9,6372,0.939,LOW
2353,0.29,278.3,38,4.2,2.5,6844,0.212,HIGH
2354,0.93,616.4,85,15.5,5.1,8839,0.998,LOW
2355,0.98,250.7,11,45.6,9.5,689,0.923,LOW
2356,0.9,131.8,87,87.2,7.8,7952,0.981,LOW
2357,0.87,403.0,59,95.2,1.6,8271,0.996,LOW
2358,0.75,537.5,99,72.7,3.7,6772,0.998,LOW
2359,0.31,402.5,87,99.9,8.5,3335,0.896,LOW
2360,0.31,109.6,56,78.7,9.8,1112,0.276,HIGH
2361,0.45,180.7,49,49.0,7.8,7766,0.4,HIGH
2362,0.6,70.6,63,89.4,9.7,3074,0.724,LOW
2363,0.95,271.5,8,47.7,2.8,5324,0.948,LOW
2364,0.29,267.8,8,71.3,1.8,4753,0.301,HIGH
2365,0.53,154.2,14,92.7,5.2,9859,0.49,MEDIUM
2366,0.53,271.6,50,52.8,7.1,4821,0.73,LOW
2367,0.49,141.2,76,14.9,1.3,4329,0.643,MEDIUM
2368,0.51,497.8,74,50.6,2.6,5374,0.968,LOW
2369,0.08,319.5,97,10.2,4.7,1177,0.336,HIGH
2370,0.0,98.4,51,26.5,7.7,3120,0.018,HIGH
2371,0.71,412.9,70,8.5,9.1,7112,0.925,LOW
2372,0.33,573.5,16,62.4,9.9,7787,0.592,MEDIUM
2373,0.6,142.3,62,7.5,5.6,9333,0.537,MEDIUM
2374,0.46,384.7,3,88.8,9.0,8577,0.553,MEDIUM
2375,0.47,379.4,49,61.1,5.3,6212,0.824,LOW
2376,0.71,576.2,11,77.3,5.6,5286,0.972,LOW
2377,0.76,488.1,58,76.3,8.2,9619,0.985,LOW
2378,0.21,202.6,71,36.2,9.3,1921,0.202,HIGH
2379,0.21,104.4,33,75.1,9.3,4074,0.077,HIGH
2380,0.54,169.8,57,42.9,9.6,4048,0.536,MEDIUM
2381,0.88,223.5,68,24.7,5.1,3254,0.963,LOW
2382,0.71,40.9,35,84.4,4.2,4564,0.758,LOW
2383,0.29,181.9,82,70.5,3.3,8699,0.587,MEDIUM
2384,0.37,320.3,7,73.6,9.9,5633,0.282,HIGH
2385,0.48,128.8,69,85.1,4.8,4973,0.757,LOW
2386,0.24,530.9,33,72.6,5.6,4273,0.695,MEDIUM
2387,0.45,512.4,89,68.5,7.4,2031,0.969,LOW
2388,0.3,349.9,34,81.0,4.5,3375,0.589,MEDIUM
2389,0.85,361.7,1,60.0,7.4,1873,0.922,LOW
2390,0.2,215.8,40,47.9,2.2,1224,0.24,HIGH
2391,0.53,553.6,76,9.4,7.5,6314,0.931,LOW
2392,0.18,191.0,94,82.4,5.0,2885,0.567,MEDIUM
2393,0.46,393.8,26,24.1,9.7,2212,0.484,MEDIUM
2394,0.66,350.9,62,56.4,5.7,4402,0.946,LOW
2395,0.53,144.0,7,27.2,4.7,2487,0.242,HIGH
2396,0.18,485.0,91,26.1,9.7,1055,0.643,MEDIUM
2397,0.52,320.1,29,37.5,4.1,3835,0.666,MEDIUM
2398,0.4,495.8,83,77.9,3.6,7031,0.963,LOW
2399,0.07,58.3,7,69.7,8.8,1987,0.013,HIGH
2400,0.5,552.7,99,78.4,8.7,9744,0.982,LOW
2401,0.8,331.6,84,38.6,6.2,5309,0.981,LOW
2402,0.93,603.9,24,91.2,7.0,9453,0.996,LOW
2403,0.49,210.6,94,68.1,2.5,3790,0.918,LOW
2404,0.03,66.5,4,77.2,3.6,967,0.02,HIGH
2405,0.4,446.6,76,86.9,1.1,1988,0.966,LOW
2406,0.95,515.1,41,15.7,4.7,9134,0.988,LOW
2407,0.8,483.2,39,52.2,3.7,7559,0.982,LOW
2408,0.1,617.0,67,20.8,7.8,8679,0.506,MEDIUM
2409,0.59,417.4,61,4.3,3.4,1903,0.907,LOW
2410,0.82,293.4,56,95.4,1.9,4267,0.989,LOW
2411,0.19,606.7,1,100.0,6.3,587,0.654,MEDIUM
2412,0.79,464.5,38,76.0,6.1,4203,0.984,LOW
2413,0.99,30.6,22,70.9,3.8,6522,0.908,LOW
2414,0.86,2.9,44,99.2,1.4,5665,0.001,HIGH
2415,0.74,495.8,18,4.4,1.4,4520,0.932,LOW
2416,0.25,110.9,36,96.7,5.9,1682,0.231,HIGH
2417,0.5,256.8,73,48.6,2.2,6199,0.849,LOW
2418,0.78,416.0,92,1.6,3.8,1944,0.986,LOW
2419,0.74,49.7,37,9.9,7.4,8942,0.392,HIGH
2420,0.4,512.6,79,8.0,8.2,1807,0.842,LOW
2421,0.44,196.5,3,66.5,5.9,9918,0.225,HIGH
2422,0.31,412.7,62,23.9,6.8,9986,0.522,MEDIUM
2423,0.46,70.2,14,79.3,1.7,8470,0.299,HIGH
2424,0.57,260.0,85,5.9,1.5,8511,0.855,LOW
2425,0.31,293.6,37,89.7,6.3,779,0.565,MEDIUM
2426,0.37,334.4,68,46.1,1.4,1190,0.816,LOW
2427,0.46,379.9,61,83.7,9.1,1856,0.876,LOW
2428,0.68,285.1,19,30.8,9.3,3275,0.64,MEDIUM
2429,0.86,566.8,72,33.6,5.7,7862,0.995,LOW
2430,0.46,175.3,79,56.8,8.2,9438,0.62,MEDIUM
2431,0.86,503.2,0,47.4,7.8,6618,0.95,LOW
2432,0.84,522.7,5,79.4,1.1,7749,0.987,LOW
2433,0.6,298.6,11,79.1,1.2,2896,0.844,LOW
2434,0.74,475.5,89,9.9,3.7,3682,0.987,LOW
2435,0.63,579.1,50,90.5,4.7,938,0.991,LOW
2436,0.28,176.5,34,4.7,4.8,5879,0.085,HIGH
2437,0.09,551.7,46,3.6,7.0,2852,0.266,HIGH
2438,0.81,527.7,20,35.7,9.0,5182,0.953,LOW
2439,0.94,329.0,29,98.2,3.0,5752,0.991,LOW
2440,0.22,245.7,12,85.5,4.8,6361,0.182,HIGH
2441,0.22,622.9,62,98.4,4.2,3561,0.938,LOW
2442,0.99,255.6,30,82.9,1.5,9568,0.986,LOW
2443,0.37,210.3,4,14.9,5.1,7724,0.091,HIGH
2444,0.5,465.8,9,98.3,9.8,5913,0.788,LOW
2445,0.24,71.8,39,53.4,1.4,8027,0.123,HIGH
2446,0.44,413.0,78,50.9,8.9,8545,0.841,LOW
2447,0.76,134.9,23,78.9,9.3,5494,0.745,LOW
2448,0.39,324.6,32,20.9,3.2,4466,0.453,MEDIUM
2449,0.73,339.2,92,54.8,5.5,668,0.986,LOW
2450,0.23,523.4,10,83.7,6.8,2590,0.553,MEDIUM
2451,0.85,417.3,84,1.3,7.6,2826,0.982,LOW
2452,0.27,115.0,85,4.4,6.2,7016,0.172,HIGH
2453,0.31,305.8,21,37.0,3.8,2751,0.298,HIGH
2454,0.11,447.3,31,12.5,9.3,9658,0.086,HIGH
2455,0.61,440.0,64,90.5,8.9,2945,0.971,LOW
2456,0.02,474.8,85,47.7,1.7,8923,0.571,MEDIUM
2457,0.27,48.5,28,49.6,5.8,2615,0.072,HIGH
2458,0.36,408.5,31,79.3,1.4,3402,0.796,LOW
2459,0.68,406.4,46,30.5,8.7,7882,0.878,LOW
2460,0.16,306.5,70,54.4,5.4,8149,0.357,HIGH
2461,0.15,243.9,82,14.7,7.8,1287,0.197,HIGH
2462,0.16,574.3,92,12.0,6.6,8214,0.702,LOW
2463,0.72,476.6,91,52.5,7.6,7687,0.989,LOW
2464,0.57,381.3,42,91.9,9.7,1450,0.909,LOW
2465,0.83,53.3,17,86.7,5.3,6255,0.795,LOW
2466,0.39,90.9,2,89.3,3.9,6860,0.183,HIGH
2467,0.66,617.1,45,83.9,3.6,8618,0.991,LOW
2468,0.48,87.5,21,11.1,8.7,6344,0.09,HIGH
2469,0.98,178.0,87,77.7,8.8,7673,0.989,LOW
2470,0.63,609.6,51,62.1,7.2,4594,0.981,LOW
2471,0.97,183.8,32,96.5,1.2,856,0.988,LOW
2472,0.42,211.4,90,34.3,6.3,1101,0.718,LOW
2473,0.78,492.7,83,87.2,9.6,6344,0.995,LOW
2474,0.94,579.4,33,37.1,5.8,5896,0.993,LOW
2475,0.47,87.3,31,32.5,4.2,1494,0.274,HIGH
2476,0.52,205.1,31,31.9,8.9,1914,0.381,HIGH
2477,0.83,179.3,74,11.0,1.4,3373,0.951,LOW
2478,0.3,523.3,20,65.9,3.6,3302,0.722,LOW
2479,1.0,3.8,31,90.4,2.8,3472,0.001,HIGH
2480,0.76,217.3,81,54.8,5.7,7313,0.955,LOW
2481,0.5,566.7,90,64.0,5.0,1432,0.988,LOW
2482,0.37,181.5,95,71.2,4.0,8957,0.76,LOW
2483,0.67,72.6,59,65.6,3.0,4015,0.828,LOW
2484,0.22,532.3,14,91.5,5.9,5363,0.607,MEDIUM
2485,0.03,412.8,25,21.8,6.7,621,0.085,HIGH
2486,0.16,118.8,0,20.6,5.5,5940,0.014,HIGH
2487,0.64,226.6,17,2.0,5.0,1406,0.49,MEDIUM
2488,0.18,373.6,59,28.8,2.2,3549,0.442,MEDIUM
2489,1.0,147.6,52,8.8,8.5,9838,0.894,LOW
2490,0.03,558.9,17,0.8,8.6,5682,0.074,HIGH
2491,0.48,566.0,81,26.7,9.4,5349,0.933,LOW
2492,0.05,425.5,28,62.6,3.4,4814,0.231,HIGH
2493,0.62,39.0,83,32.3,1.7,8107,0.745,LOW
2494,0.98,184.0,11,67.9,7.9,2051,0.929,LOW
2495,0.84,547.4,77,60.6,1.3,3977,0.998,LOW
2496,0.34,94.2,43,48.4,8.8,5842,0.131,HIGH
2497,0.02,295.7,12,47.3,3.4,7489,0.046,HIGH
2498,0.49,264.1,28,26.8,5.0,4694,0.459,MEDIUM
2499,0.54,77.0,24,89.4,3.4,853,0.585,MEDIUM
2500,0.26,287.9,88,78.7,4.8,2617,0.768,LOW
2501,0.91,539.7,56,80.8,1.5,1267,0.999,LOW
2502,0.36,122.8,11,97.2,9.0,6973,0.155,HIGH
2503,0.01,180.1,56,13.0,3.8,9461,0.033,HIGH
2504,0.89,2.4,10,97.6,6.4,1496,0.0,HIGH
2505,0.14,344.3,11,7.9,9.2,8405,0.034,HIGH
2506,0.77,252.8,77,31.2,9.0,5944,0.924,LOW
2507,0.24,119.7,22,15.0,6.5,7225,0.034,HIGH
2508,0.43,249.3,10,19.5,5.0,1261,0.237,HIGH
2509,0.28,462.9,2,51.2,6.7,903,0.354,HIGH
2510,0.69,423.9,32,43.2,9.2,694,0.906,LOW
2511,0.06,50.3,42,2.6,8.0,9111,0.008,HIGH
2512,0.4,139.5,18,2.8,7.0,9623,0.065,HIGH
2513,0.57,408.5,2,1.4,7.1,7879,0.425,MEDIUM
2514,0.12,407.5,79,5.5,9.1,8117,0.233,HIGH
2515,0.57,561.3,91,76.2,8.7,6672,0.988,LOW
2516,0.96,1.9,38,98.7,5.9,3258,0.001,HIGH
2517,0.97,211.9,54,14.9,4.5,5041,0.961,LOW
2518,0.92,3.4,11,91.5,7.8,1009,0.0,HIGH
2519,0.41,520.0,17,64.0,3.9,7297,0.782,LOW
2520,0.08,82.8,40,67.1,8.8,1639,0.038,HIGH
2521,0.26,143.0,5,28.4,1.3,2402,0.073,HIGH
2522,0.86,368.3,57,99.5,7.5,8066,0.99,LOW
2523,0.99,54.4,41,39.6,9.5,8755,0.843,LOW
2524,0.06,418.2,41,67.9,6.9,9240,0.218,HIGH
2525,0.6,39.4,55,33.9,4.2,5973,0.513,MEDIUM
2526,0.32,581.9,16,28.7,1.2,1672,0.725,LOW
2527,0.15,334.1,40,59.3,1.6,633,0.377,HIGH
2528,0.57,456.6,43,78.9,1.5,8958,0.959,LOW
2529,0.77,575.4,93,95.7,6.5,4650,0.999,LOW
2530,0.99,247.3,45,74.2,5.1,8374,0.984,LOW
2531,0.76,177.6,45,81.7,3.4,6002,0.934,LOW
2532,0.96,1.8,13,98.6,1.8,9145,0.001,HIGH
2533,0.59,157.0,17,31.2,7.5,5646,0.33,HIGH
2534,0.49,389.5,7,26.8,5.9,4219,0.481,MEDIUM
2535,0.45,365.8,60,3.7,9.9,9888,0.479,MEDIUM
2536,0.87,4.7,23,97.6,8.4,9694,0.0,HIGH
2537,0.08,284.0,33,59.9,5.8,4486,0.113,HIGH
2538,0.6,355.9,59,45.2,5.7,753,0.919,LOW
2539,0.39,187.5,9,87.0,3.9,8513,0.315,HIGH
2540,0.11,383.0,30,53.1,6.0,617,0.215,HIGH
2541,0.43,67.5,21,93.1,4.0,8241,0.299,HIGH
2542,0.26,368.5,1,33.0,5.0,1274,0.185,HIGH
2543,0.38,174.6,54,94.5,1.1,7774,0.692,MEDIUM
2544,0.85,386.5,21,87.2,2.2,5204,0.984,LOW
2545,0.16,132.5,87,26.6,4.6,7699,0.167,HIGH
2546,0.5,117.4,17,90.2,4.9,8708,0.418,MEDIUM
2547,0.57,51.5,20,29.3,2.0,4403,0.301,HIGH
2548,0.56,261.6,1,96.7,9.6,1366,0.596,MEDIUM
2549,0.09,69.3,85,10.8,6.9,6698,0.049,HIGH
2550,0.99,498.2,43,48.2,3.7,1487,0.997,LOW
2551,0.07,65.7,41,45.2,7.8,614,0.026,HIGH
2552,0.11,452.9,41,75.5,6.7,6343,0.395,HIGH
2553,0.37,547.6,2,51.7,6.6,5040,0.592,MEDIUM
2554,0.37,67.2,2,75.9,7.9,9809,0.071,HIGH
2555,0.75,252.4,69,94.8,10.0,644,0.969,LOW
2556,0.34,85.1,78,65.4,6.6,645,0.448,MEDIUM
2557,0.39,133.0,43,28.5,8.1,4525,0.174,HIGH
2558,0.89,404.7,96,3.7,7.3,1574,0.991,LOW
2559,0.41,230.9,19,12.8,5.4,3166,0.2,HIGH
2560,0.56,597.4,17,77.8,1.9,6179,0.963,LOW
2561,0.2,451.1,73,71.6,4.5,2344,0.799,LOW
2562,0.74,393.6,70,19.3,1.9,7322,0.972,LOW
2563,0.55,187.7,9,25.4,2.9,3688,0.375,HIGH
2564,0.24,432.1,90,48.5,4.9,3843,0.811,LOW
2565,0.73,187.9,42,19.3,1.3,6887,0.813,LOW
2566,0.96,136.5,85,77.0,7.1,5210,0.987,LOW
2567,0.6,430.1,85,79.2,7.2,2178,0.982,LOW
2568,0.57,368.1,63,46.4,1.9,4823,0.936,LOW
2569,0.01,318.1,39,64.3,8.9,8976,0.071,HIGH
2570,0.68,46.1,46,10.8,8.7,4201,0.375,HIGH
2571,0.75,45.2,63,31.0,5.2,5044,0.764,LOW
2572,0.08,207.5,57,66.9,5.7,8538,0.126,HIGH
2573,0.16,109.9,22,57.7,8.4,5688,0.036,HIGH
2574,0.73,376.7,35,49.4,5.3,7989,0.927,LOW
2575,0.58,486.8,54,54.3,8.6,4227,0.935,LOW
2576,0.86,581.3,82,84.3,7.0,5520,0.999,LOW
2577,0.41,379.6,56,75.7,7.7,920,0.826,LOW
2578,0.55,96.7,3,11.2,4.9,6796,0.133,HIGH
2579,0.87,261.3,79,95.4,2.1,9764,0.993,LOW
2580,0.77,80.2,52,63.8,4.8,5051,0.861,LOW
2581,0.88,198.4,55,2.8,2.8,878,0.936,LOW
2582,0.29,177.3,73,28.1,8.3,1877,0.27,HIGH
2583,0.96,2.9,10,97.9,2.1,5489,0.001,HIGH
2584,1.0,2.3,20,95.2,7.9,3155,0.0,HIGH
2585,0.04,466.7,33,6.0,1.9,9406,0.126,HIGH
2586,0.33,431.1,10,95.4,6.8,8512,0.549,MEDIUM
2587,0.17,93.6,29,91.8,7.5,2739,0.089,HIGH
2588,0.85,206.6,80,50.6,5.6,5380,0.973,LOW
2589,0.09,426.8,51,88.7,9.5,6718,0.366,HIGH
2590,0.41,495.6,17,62.3,4.8,3222,0.762,LOW
2591,0.53,446.1,76,64.3,4.2,6090,0.964,LOW
2592,0.38,272.1,52,26.0,7.9,6819,0.362,HIGH
2593,0.4,487.1,83,4.5,3.1,7946,0.865,LOW
2594,0.47,364.2,55,70.3,5.7,5099,0.856,LOW
2595,0.48,271.6,14,6.2,4.0,6183,0.281,HIGH
2596,0.98,489.7,84,82.4,5.6,2413,0.999,LOW
2597,0.49,292.1,81,67.5,6.5,6683,0.877,LOW
2598,0.85,570.0,39,65.3,1.1,8979,0.995,LOW
2599,0.45,605.4,66,78.5,6.2,1013,0.977,LOW
2600,0.33,377.9,99,95.2,2.8,8944,0.944,LOW
2601,0.27,55.7,63,28.7,6.8,4962,0.107,HIGH
2602,0.23,191.5,73,96.9,1.1,3306,0.671,MEDIUM
2603,0.96,227.7,61,50.2,8.4,9834,0.969,LOW
2604,0.81,467.8,25,73.8,7.1,9368,0.971,LOW
2605,0.56,112.4,71,17.6,8.5,2482,0.511,MEDIUM
2606,0.57,364.7,67,75.4,6.8,904,0.95,LOW
2607,0.55,349.0,54,79.8,7.5,9838,0.878,LOW
2608,0.23,354.1,33,99.0,8.0,3407,0.473,MEDIUM
2609,0.63,310.6,54,70.9,3.4,2201,0.946,LOW
2610,0.4,318.8,13,84.9,4.8,8157,0.522,MEDIUM
2611,0.96,140.6,4,39.3,4.3,1696,0.868,LOW
2612,0.18,416.5,52,46.5,5.8,5445,0.423,MEDIUM
2613,0.43,331.0,3,0.8,9.2,3684,0.15,HIGH
2614,0.74,367.3,4,4.9,1.3,9231,0.782,LOW
2615,0.39,511.4,75,24.4,4.2,7133,0.882,LOW
2616,0.96,402.4,15,74.2,3.3,5363,0.988,LOW
2617,0.56,543.3,53,45.9,1.1,4342,0.972,LOW
2618,0.43,504.0,16,79.6,8.0,3090,0.785,LOW
2619,0.05,408.7,67,90.8,5.1,9676,0.479,MEDIUM
2620,0.54,611.8,1,45.0,5.9,2487,0.873,LOW
2621,0.58,114.1,63,34.9,6.4,3757,0.611,MEDIUM
2622,0.71,415.8,61,72.6,3.8,1807,0.985,LOW
2623,0.41,373.7,78,73.2,8.0,6717,0.86,LOW
2624,0.27,450.7,10,24.3,3.3,6518,0.298,HIGH
2625,0.05,457.7,65,93.3,2.7,2191,0.68,MEDIUM
2626,0.29,574.4,79,51.6,2.1,1804,0.944,LOW
2627,1.0,279.2,85,89.2,9.9,6366,0.995,LOW
2628,0.51,294.2,24,17.5,6.7,4210,0.422,MEDIUM
2629,0.23,157.5,39,1.6,2.7,904,0.092,HIGH
2630,0.32,204.5,33,23.2,3.9,7826,0.173,HIGH
2631,0.34,413.8,33,50.6,2.8,4499,0.657,MEDIUM
2632,0.07,399.3,45,69.7,8.5,3758,0.244,HIGH
2633,0.88,420.6,36,74.0,9.5,3796,0.982,LOW
2634,0.09,238.1,35,59.9,3.4,2388,0.134,HIGH
2635,0.14,461.0,89,75.5,1.1,2249,0.871,LOW
2636,0.1,65.5,39,74.0,4.0,643,0.076,HIGH
2637,0.23,245.5,75,4.1,5.7,2986,0.246,HIGH
2638,0.69,336.4,21,75.5,1.7,5466,0.932,LOW
2639,0.06,281.2,9,84.7,6.5,585,0.089,HIGH
2640,0.82,482.5,53,64.7,1.5,8147,0.993,LOW
2641,0.24,130.4,98,9.6,4.6,2405,0.298,HIGH
2642,0.39,184.8,50,41.1,6.5,7119,0.327,HIGH
2643,0.97,223.6,71,96.1,2.6,576,0.996,LOW
2644,0.12,409.0,19,78.7,8.0,5693,0.206,HIGH
2645,0.02,300.0,62,88.9,7.7,6286,0.214,HIGH
2646,0.08,192.5,80,36.4,8.3,9749,0.097,HIGH
2647,0.4,351.5,76,13.3,5.7,9387,0.656,MEDIUM
2648,0.31,91.5,24,9.3,3.4,9463,0.052,HIGH
2649,0.48,228.9,1,97.4,7.3,9085,0.396,HIGH
2650,0.21,424.2,55,11.3,7.2,4724,0.321,HIGH
2651,0.75,394.0,84,75.4,9.0,3944,0.988,LOW
2652,0.83,554.5,99,23.3,5.3,7122,0.997,LOW
2653,0.56,597.1,68,47.2,3.2,4004,0.984,LOW
2654,0.46,265.9,90,46.4,7.1,933,0.839,LOW
2655,0.02,404.7,49,61.2,3.3,6555,0.27,HIGH
2656,0.35,157.1,92,49.3,2.7,7088,0.642,MEDIUM
2657,0.48,561.1,31,79.3,2.4,5846,0.95,LOW
2658,0.15,55.2,30,58.5,7.2,5307,0.034,HIGH
2659,0.63,406.7,22,73.8,4.8,8396,0.897,LOW
2660,0.29,417.4,95,34.9,9.1,8272,0.713,LOW
2661,0.04,255.7,8,36.0,7.9,6779,0.018,HIGH
2662,0.68,444.3,31,94.6,5.9,3231,0.969,LOW
2663,0.99,437.8,20,14.6,2.9,4475,0.982,LOW
2664,0.18,100.0,27,61.6,5.1,3204,0.069,HIGH
2665,0.04,332.7,7,36.4,6.8,8113,0.031,HIGH
2666,0.24,516.5,74,87.1,1.4,7174,0.924,LOW
2667,0.38,230.2,62,15.2,6.9,3911,0.369,HIGH
2668,0.64,456.1,7,16.1,6.6,3165,0.754,LOW
2669,0.3,338.4,55,32.5,1.7,1253,0.603,MEDIUM
2670,0.15,210.5,87,82.2,6.0,3855,0.469,MEDIUM
2671,0.81,226.0,40,21.1,10.0,6831,0.778,LOW
2672,0.03,207.5,17,52.8,9.8,4095,0.02,HIGH
2673,0.2,492.3,11,38.4,6.7,783,0.294,HIGH
2674,0.74,350.1,77,19.8,9.1,952,0.948,LOW
2675,0.28,201.3,52,83.9,5.8,5744,0.41,MEDIUM
2676,0.34,614.5,42,43.5,8.6,8710,0.765,LOW
2677,0.56,337.4,52,85.8,9.1,523,0.899,LOW
2678,0.37,555.1,35,83.2,3.8,1799,0.912,LOW
2679,0.06,559.5,19,45.7,4.9,4051,0.28,HIGH
2680,0.69,532.3,67,0.1,2.1,4217,0.978,LOW
2681,0.16,529.7,47,61.9,7.0,2050,0.609,MEDIUM
2682,0.68,105.8,96,61.2,7.0,4384,0.915,LOW
2683,0.66,513.5,18,6.8,1.4,6851,0.896,LOW
2684,0.0,391.4,91,86.4,3.5,7178,0.596,MEDIUM
2685,0.84,621.9,13,23.1,3.3,7140,0.982,LOW
2686,0.07,426.9,84,46.4,8.1,3868,0.438,MEDIUM
2687,0.49,106.8,48,69.3,8.1,9418,0.402,MEDIUM
2688,0.18,241.8,0,65.0,3.5,1110,0.109,HIGH
2689,0.47,160.2,14,43.4,2.5,2033,0.345,HIGH
2690,0.09,392.4,78,38.0,8.3,7315,0.297,HIGH
2691,0.7,183.3,96,69.0,4.1,1657,0.972,LOW
2692,0.12,87.7,24,27.3,1.8,2824,0.032,HIGH
2693,0.14,226.9,94,58.0,4.6,7275,0.417,MEDIUM
2694,0.03,185.8,41,1.3,6.3,6622,0.018,HIGH
2695,0.04,154.2,15,28.2,9.5,4371,0.01,HIGH
2696,0.03,423.3,85,35.5,7.5,8123,0.308,HIGH
2697,0.42,382.7,38,66.7,8.3,2938,0.693,MEDIUM
2698,0.53,118.5,82,49.0,1.3,4277,0.821,LOW
2699,0.82,91.2,43,49.7,2.3,6269,0.874,LOW
2700,0.14,365.9,20,15.0,7.0,8095,0.069,HIGH
2701,0.48,294.3,18,44.6,1.5,6594,0.57,MEDIUM
2702,0.52,244.3,30,25.9,9.8,5674,0.347,HIGH
2703,0.99,599.1,37,36.3,5.1,6008,0.996,LOW
2704,0.3,142.6,34,75.7,4.4,2649,0.275,HIGH
2705,0.75,74.0,94,84.2,3.2,8221,0.964,LOW
2706,0.35,287.7,49,49.2,4.5,4452,0.523,MEDIUM
2707,0.26,560.3,43,30.8,3.4,1588,0.726,LOW
2708,0.39,408.1,44,20.7,3.8,3895,0.637,MEDIUM
2709,0.08,75.6,28,89.3,3.1,9193,0.053,HIGH
2710,0.78,57.1,80,82.7,7.6,1151,0.939,LOW
2711,0.69,603.6,82,81.8,7.7,745,0.996,LOW
2712,0.79,261.8,1,25.6,1.4,2323,0.816,LOW
2713,0.41,36.0,31,20.7,3.3,9895,0.1,HIGH
2714,0.45,104.7,42,33.2,5.2,6128,0.265,HIGH
2715,0.28,171.7,54,48.5,9.5,7431,0.16,HIGH
2716,0.95,59.3,8,92.1,2.6,5300,0.913,LOW
2717,0.67,121.5,98,23.2,2.0,568,0.922,LOW
2718,0.3,104.7,34,93.1,6.9,4469,0.216,HIGH
2719,0.69,324.5,78,79.8,6.2,2351,0.979,LOW
2720,0.15,250.5,30,70.3,9.5,7842,0.094,HIGH
2721,0.73,83.6,88,96.5,8.4,1849,0.951,LOW
2722,0.81,236.9,40,75.5,2.9,2581,0.964,LOW
2723,0.72,301.4,98,65.9,2.5,1640,0.99,LOW
2724,0.4,566.9,18,83.9,6.2,9900,0.833,LOW
2725,0.56,447.9,98,48.3,7.5,2590,0.974,LOW
2726,0.24,419.6,81,48.2,3.4,7947,0.754,LOW
2727,1.0,526.8,7,3.2,5.2,4508,0.977,LOW
2728,0.45,114.8,17,61.2,9.7,7949,0.152,HIGH
2729,0.29,256.4,60,47.6,7.3,4200,0.381,HIGH
2730,0.11,81.3,70,9.8,5.8,8028,0.04,HIGH
2731,0.88,4.9,45,90.5,7.4,7186,0.0,HIGH
2732,0.18,391.2,32,95.6,3.8,7389,0.496,MEDIUM
2733,0.71,555.4,59,92.1,6.2,7536,0.992,LOW
2734,0.47,258.7,60,53.1,5.9,7795,0.696,MEDIUM
2735,0.09,590.5,20,41.8,8.3,1166,0.296,HIGH
2736,0.86,457.0,32,74.8,4.7,6329,0.988,LOW
2737,0.19,183.5,10,24.1,8.1,4596,0.028,HIGH
2738,0.9,197.5,27,69.9,6.6,2095,0.941,LOW
2739,0.61,344.0,15,44.3,6.5,9978,0.659,MEDIUM
2740,0.29,245.5,48,13.8,4.4,3887,0.242,HIGH
2741,0.89,128.6,91,1.7,8.5,5844,0.921,LOW
2742,0.4,589.7,44,74.1,6.1,8287,0.91,LOW
2743,0.83,261.4,24,71.2,9.6,4720,0.898,LOW
2744,0.69,568.2,48,68.1,10.0,4401,0.979,LOW
2745,0.63,564.0,32,24.8,7.9,1552,0.926,LOW
2746,0.3,314.7,4,85.7,1.3,8189,0.39,HIGH
2747,0.3,352.6,90,93.6,4.6,1477,0.905,LOW
2748,0.54,339.8,9,87.7,3.3,1189,0.825,LOW
2749,0.61,397.4,57,89.7,8.8,4253,0.951,LOW
2750,0.27,330.3,55,27.9,7.1,8744,0.304,HIGH
2751,0.28,474.8,67,13.6,9.1,791,0.59,MEDIUM
2752,0.12,549.5,48,77.7,7.0,7628,0.594,MEDIUM
2753,0.62,293.4,68,29.8,2.1,3834,0.915,LOW
2754,0.54,461.2,48,39.8,7.9,4981,0.864,LOW
2755,0.01,557.5,83,73.1,6.3,1288,0.725,LOW
2756,0.34,89.5,37,54.3,5.4,7667,0.161,HIGH
2757,0.81,554.2,41,58.6,6.0,3077,0.99,LOW
2758,0.34,322.6,33,30.3,7.6,6462,0.281,HIGH
2759,0.67,314.7,22,55.2,8.5,2931,0.788,LOW
2760,0.74,406.6,46,62.8,8.1,9031,0.952,LOW
2761,0.16,244.7,85,62.1,4.9,3310,0.462,MEDIUM
2762,0.05,107.8,29,91.1,7.2,7137,0.039,HIGH
2763,0.77,354.2,80,22.9,3.9,7665,0.974,LOW
2764,0.48,408.2,22,73.1,3.7,5713,0.807,LOW
2765,0.31,161.0,15,22.0,6.6,673,0.078,HIGH
2766,0.87,3.5,38,94.0,4.2,3695,0.001,HIGH
2767,0.82,557.8,48,78.1,4.6,7798,0.995,LOW
2768,0.53,506.1,33,66.3,6.6,5828,0.904,LOW
2769,0.98,241.0,13,18.4,1.6,5298,0.931,LOW
2770,0.1,414.1,34,28.0,3.7,1001,0.223,HIGH
2771,0.2,288.7,72,71.7,5.7,2670,0.541,MEDIUM
2772,0.67,563.7,39,82.3,2.3,5278,0.989,LOW
2773,0.18,479.4,7,82.5,9.3,5734,0.291,HIGH
2774,0.28,430.4,55,20.4,8.5,9666,0.394,HIGH
2775,0.97,4.1,21,99.6,5.4,2918,0.001,HIGH
2776,0.89,261.8,50,70.5,5.7,2092,0.978,LOW
2777,0.8,560.1,20,59.4,1.1,5206,0.989,LOW
2778,0.84,376.9,18,60.4,7.9,5553,0.942,LOW
2779,0.55,252.4,11,45.8,1.1,2359,0.632,MEDIUM
2780,0.87,200.1,29,22.0,6.6,6246,0.83,LOW
2781,0.91,200.0,25,94.4,8.2,8755,0.939,LOW
2782,0.93,136.7,43,41.2,6.7,6327,0.911,LOW
2783,0.86,430.0,0,68.6,9.2,8078,0.932,LOW
2784,0.44,622.8,78,93.6,1.9,5332,0.991,LOW
2785,0.95,183.5,42,35.0,3.3,5274,0.954,LOW
2786,0.07,386.6,10,92.0,6.6,7059,0.154,HIGH
2787,0.31,363.8,57,26.4,9.0,7687,0.378,HIGH
2788,0.4,261.4,37,76.9,1.3,6196,0.679,MEDIUM
2789,0.2,542.1,29,17.5,8.4,6358,0.295,HIGH
2790,0.66,35.3,65,60.1,3.4,9416,0.745,LOW
2791,0.69,518.5,3,13.5,2.8,2105,0.898,LOW
2792,0.31,402.8,34,27.5,3.5,4272,0.48,MEDIUM
2793,0.87,446.6,99,97.5,3.3,4644,0.999,LOW
2794,0.11,169.4,92,14.1,3.0,2880,0.201,HIGH
2795,0.45,386.1,84,58.0,4.2,1592,0.936,LOW
2796,0.6,144.3,42,32.4,4.6,9410,0.536,MEDIUM
2797,1.0,446.3,19,98.5,3.2,6944,0.996,LOW
2798,0.96,4.1,24,95.7,1.7,8201,0.001,HIGH
2799,0.03,366.7,80,37.9,4.4,5413,0.306,HIGH
2800,0.29,291.6,89,63.5,3.7,5392,0.77,LOW
2801,0.02,502.0,0,22.7,7.3,2751,0.061,HIGH
2802,0.55,493.3,0,22.1,6.6,1162,0.676,MEDIUM
2803,0.24,398.0,33,19.7,4.1,9769,0.261,HIGH
2804,0.27,365.8,84,77.4,3.7,2863,0.854,LOW
2805,0.03,573.6,2,1.2,4.8,8678,0.073,HIGH
2806,0.32,359.1,65,38.7,5.7,3048,0.639,MEDIUM
2807,0.21,539.7,73,18.6,4.7,7077,0.693,MEDIUM
2808,0.62,366.0,93,58.6,4.5,7887,0.975,LOW
2809,0.79,598.6,41,14.7,5.8,7861,0.979,LOW
2810,0.73,167.0,38,82.0,4.7,3519,0.892,LOW
2811,0.47,94.8,61,63.3,3.5,6549,0.583,MEDIUM
2812,0.8,279.0,16,96.7,9.6,2010,0.923,LOW
2813,0.07,609.5,55,83.7,4.8,7620,0.721,LOW
2814,0.84,544.3,78,15.1,4.9,1825,0.995,LOW
2815,0.62,521.6,1,40.8,4.1,7351,0.855,LOW
2816,0.55,359.3,19,99.7,4.4,1379,0.889,LOW
2817,0.24,452.5,5,42.0,5.5,6931,0.245,HIGH
2818,0.54,458.5,47,25.7,6.6,9720,0.822,LOW
2819,0.99,465.7,92,88.2,1.7,5670,1.0,LOW
2820,0.37,574.0,83,4.2,6.6,9764,0.855,LOW
2821,0.44,433.5,40,69.5,2.1,9245,0.856,LOW
2822,0.87,2.9,42,94.0,2.0,8435,0.001,HIGH
2823,0.88,326.5,77,56.4,5.7,7128,0.989,LOW
2824,0.33,550.4,14,46.9,4.1,7584,0.628,MEDIUM
2825,0.67,243.5,98,92.7,8.3,2819,0.976,LOW
2826,0.27,312.7,66,90.1,5.0,8026,0.69,MEDIUM
2827,0.81,256.0,21,96.2,8.6,4576,0.924,LOW
2828,0.41,529.1,31,81.0,4.0,4136,0.9,LOW
2829,0.65,204.3,39,65.9,6.0,4531,0.804,LOW
2830,0.6,364.5,86,9.7,5.2,8776,0.906,LOW
2831,0.27,570.8,64,91.5,9.8,3030,0.89,LOW
2832,0.13,264.5,9,86.2,8.2,9242,0.074,HIGH
2833,0.11,540.4,29,57.7,6.4,3054,0.405,MEDIUM
2834,0.65,180.5,29,32.4,9.7,1064,0.516,MEDIUM
2835,0.92,1.7,45,93.1,4.5,5664,0.001,HIGH
2836,0.41,512.1,49,56.7,7.6,3402,0.853,LOW
2837,0.88,4.5,13,99.3,6.3,3748,0.0,HIGH
2838,0.27,322.3,2,68.2,6.7,2238,0.213,HIGH
2839,0.08,411.3,80,2.7,5.5,889,0.314,HIGH
2840,0.05,166.7,40,88.6,4.8,5306,0.098,HIGH
2841,0.43,184.7,77,20.6,2.7,4086,0.625,MEDIUM
2842,0.28,621.2,14,92.3,6.3,7362,0.772,LOW
2843,0.86,316.9,68,92.8,2.2,2075,0.995,LOW
2844,0.72,144.1,26,89.5,9.1,653,0.793,LOW
2845,0.74,159.5,41,56.3,7.9,7483,0.772,LOW
2846,0.67,64.6,83,54.0,3.4,2512,0.888,LOW
2847,0.59,386.3,3,73.2,7.3,7571,0.739,LOW
2848,0.84,461.6,31,5.5,2.5,723,0.971,LOW
2849,0.42,73.9,55,69.6,7.7,3560,0.362,HIGH
2850,0.89,409.3,95,98.3,4.2,8444,0.998,LOW
2851,0.69,588.7,73,57.9,8.4,1615,0.991,LOW
2852,0.64,312.9,98,40.3,1.9,6372,0.973,LOW
2853,0.88,253.1,7,9.4,3.5,2999,0.839,LOW
2854,0.5,207.9,20,6.6,4.9,1373,0.29,HIGH
2855,0.51,602.7,90,52.5,7.1,6518,0.982,LOW
2856,0.33,560.0,54,0.8,1.2,6898,0.777,LOW
2857,0.31,316.7,32,78.7,1.4,2595,0.63,MEDIUM
2858,0.33,98.2,23,3.5,2.3,6070,0.072,HIGH
2859,0.19,131.9,95,52.4,5.6,9584,0.296,HIGH
2860,0.38,301.2,26,86.0,2.4,6677,0.642,MEDIUM
2861,0.42,198.3,55,16.1,6.0,871,0.389,HIGH
2862,0.54,604.1,68,16.7,2.9,2998,0.972,LOW
2863,0.06,376.3,50,26.4,3.6,1559,0.204,HIGH
2864,0.44,48.9,93,16.6,5.0,4779,0.445,MEDIUM
2865,0.44,265.7,17,55.1,1.0,7960,0.51,MEDIUM
2866,0.13,392.4,90,97.9,8.2,6953,0.702,LOW
2867,0.22,491.3,55,71.3,8.8,3724,0.663,MEDIUM
2868,0.33,387.1,49,2.4,7.3,5744,0.352,HIGH
2869,0.41,299.0,43,31.7,1.5,5014,0.603,MEDIUM
2870,0.97,471.8,28,73.9,6.1,8494,0.992,LOW
2871,0.76,419.0,27,5.9,7.1,7813,0.858,LOW
2872,0.43,150.5,64,46.8,2.6,4195,0.598,MEDIUM
2873,0.19,289.9,24,92.3,5.8,8942,0.238,HIGH
2874,0.62,483.0,32,2.7,3.0,2929,0.882,LOW
2875,0.48,253.0,30,71.5,8.7,6381,0.525,MEDIUM
2876,0.71,143.3,34,15.8,3.5,1982,0.68,MEDIUM
2877,0.93,434.0,79,79.5,4.6,3785,0.998,LOW
2878,0.03,599.8,84,93.9,7.4,2878,0.828,LOW
2879,0.8,123.4,22,42.9,5.4,7045,0.716,LOW
2880,0.54,407.1,43,57.7,6.6,1666,0.875,LOW
2881,0.54,87.7,30,9.7,4.3,689,0.275,HIGH
2882,0.97,1.0,23,91.4,2.6,9288,0.001,HIGH
2883,0.62,177.0,86,14.8,5.4,1393,0.833,LOW
2884,0.57,204.8,66,9.4,5.6,2396,0.686,MEDIUM
2885,0.54,553.3,38,93.7,3.9,6654,0.97,LOW
2886,0.03,263.6,2,81.4,2.8,7617,0.058,HIGH
2887,0.63,421.4,5,56.3,6.5,6926,0.797,LOW
2888,0.29,162.3,57,74.9,7.3,8768,0.302,HIGH
2889,0.35,517.8,6,83.3,6.0,3750,0.708,LOW
2890,0.91,586.4,94,14.2,9.4,1619,0.997,LOW
2891,0.89,167.2,80,85.7,9.3,981,0.983,LOW
2892,0.83,628.4,51,30.6,1.8,7356,0.995,LOW
2893,0.68,394.4,7,85.6,8.3,1409,0.892,LOW
2894,0.06,116.4,28,90.6,7.3,3941,0.047,HIGH
2895,0.92,600.4,16,16.5,7.8,1666,0.982,LOW
2896,0.65,240.4,83,77.0,4.9,8001,0.953,LOW
2897,0.36,213.3,25,50.6,6.4,9485,0.209,HIGH
2898,0.35,325.3,65,18.4,4.3,1893,0.596,MEDIUM
2899,0.01,613.2,37,2.1,3.8,2770,0.256,HIGH
2900,0.74,112.7,1,15.2,5.8,869,0.397,HIGH
2901,0.36,193.9,19,80.7,3.8,3828,0.358,HIGH
2902,0.51,196.6,97,47.2,9.8,559,0.816,LOW
2903,0.77,60.7,93,15.9,1.6,2321,0.919,LOW
2904,0.13,227.7,25,23.0,6.8,8787,0.037,HIGH
2905,0.69,616.6,48,14.1,5.8,5545,0.973,LOW
2906,0.42,286.8,74,87.3,6.1,3272,0.861,LOW
2907,0.92,105.4,57,64.7,4.4,4154,0.961,LOW
2908,0.26,402.0,43,91.6,8.6,5872,0.591,MEDIUM
2909,0.35,471.5,28,49.2,8.1,2261,0.59,MEDIUM
2910,0.52,362.5,45,92.1,3.3,5107,0.925,LOW
2911,0.57,191.9,22,64.8,2.6,761,0.703,LOW
2912,0.28,139.8,72,47.3,6.8,1211,0.314,HIGH
2913,0.29,162.0,5,46.8,6.2,8457,0.064,HIGH
2914,0.7,418.8,83,26.8,3.3,5639,0.979,LOW
2915,0.31,406.7,3,94.3,7.1,9103,0.421,MEDIUM
2916,0.82,47.1,23,78.7,1.9,8153,0.835,LOW
2917,0.8,413.8,9,46.7,4.3,1458,0.944,LOW
2918,0.16,372.8,30,88.8,4.0,6633,0.392,HIGH
2919,0.92,4.9,26,94.8,6.9,7803,0.0,HIGH
2920,0.91,494.6,34,68.2,1.7,4284,0.995,LOW
2921,0.74,160.1,76,35.9,9.2,4462,0.861,LOW
2922,0.23,246.3,77,19.5,7.0,8015,0.244,HIGH
2923,0.02,66.4,38,9.2,1.3,7230,0.015,HIGH
2924,0.38,98.9,14,42.4,5.1,9513,0.095,HIGH
2925,0.8,265.6,6,1.9,9.7,901,0.598,MEDIUM
2926,0.19,120.9,99,38.5,6.3,6855,0.26,HIGH
2927,0.9,612.7,12,72.4,3.8,7621,0.994,LOW
2928,0.22,405.5,78,26.1,3.4,2798,0.645,MEDIUM
2929,0.92,220.0,19,36.4,4.2,1481,0.926,LOW
2930,0.08,392.3,14,64.5,3.1,7708,0.163,HIGH
2931,0.35,190.2,35,20.6,4.3,2418,0.222,HIGH
2932,0.09,65.7,91,67.8,5.0,7039,0.17,HIGH
2933,0.69,242.4,40,92.3,5.8,1093,0.928,LOW
2934,0.81,338.3,2,99.6,7.5,7306,0.93,LOW
2935,0.98,82.0,57,53.3,1.2,9187,0.967,LOW
2936,0.41,586.2,28,72.0,8.8,7460,0.837,LOW
2937,0.86,503.4,67,61.1,9.9,2216,0.994,LOW
2938,0.16,599.1,3,96.3,2.6,1292,0.681,MEDIUM
2939,0.95,3.6,46,92.2,2.4,3437,0.001,HIGH
2940,0.59,385.6,42,31.5,1.2,7277,0.887,LOW
2941,0.62,513.8,10,28.7,5.4,4699,0.848,LOW
2942,0.69,351.9,54,89.1,6.0,599,0.973,LOW
2943,0.7,150.6,99,46.0,9.4,522,0.926,LOW
2944,0.61,396.9,3,15.5,1.6,6151,0.698,MEDIUM
2945,0.38,34.5,94,15.4,3.1,8377,0.35,HIGH
2946,0.02,386.5,70,43.3,6.1,3922,0.259,HIGH
2947,0.91,234.7,55,39.8,5.4,3542,0.967,LOW
2948,0.48,145.4,3,89.5,9.4,533,0.298,HIGH
2949,0.76,577.1,45,42.1,3.5,5360,0.989,LOW
2950,0.35,231.3,37,51.3,5.6,5545,0.333,HIGH
2951,0.98,2.0,23,90.6,1.6,3703,0.001,HIGH
2952,0.43,119.4,35,4.9,6.3,4585,0.136,HIGH
2953,0.27,44.9,55,2.0,4.3,7142,0.064,HIGH
2954,0.0,158.7,12,61.3,3.9,2526,0.026,HIGH
2955,0.94,274.0,78,98.9,9.9,1900,0.994,LOW
2956,0.66,617.4,98,7.3,2.3,9307,0.993,LOW
2957,0.57,429.3,70,74.2,1.1,8802,0.976,LOW
2958,0.28,624.2,7,99.4,1.9,1993,0.869,LOW
2959,0.33,274.8,52,78.6,8.6,6174,0.501,MEDIUM
2960,0.56,486.8,14,39.2,2.5,869,0.879,LOW
2961,0.69,46.2,98,63.8,2.3,689,0.944,LOW
2962,0.62,38.5,4,73.7,1.1,3066,0.487,MEDIUM
2963,0.73,493.0,40,44.8,2.0,4764,0.979,LOW
2964,0.62,322.8,83,19.3,2.2,2245,0.947,LOW
2965,0.16,460.8,20,50.8,5.6,4574,0.281,HIGH
2966,0.59,628.3,22,58.5,8.9,934,0.95,LOW
2967,0.89,605.8,32,16.6,2.5,9806,0.99,LOW
2968,0.23,226.8,52,16.8,4.6,8977,0.147,HIGH
2969,0.03,142.0,48,81.7,5.9,6114,0.075,HIGH
2970,0.72,270.2,61,2.9,5.8,9195,0.829,LOW
2971,0.92,433.6,45,48.7,6.7,9379,0.985,LOW
2972,0.45,309.0,19,5.3,2.6,9724,0.318,HIGH
2973,0.33,33.8,45,12.9,5.0,6094,0.077,HIGH
2974,0.33,166.7,73,82.2,7.8,1394,0.558,MEDIUM
2975,0.62,344.4,99,57.5,5.6,2648,0.976,LOW
2976,0.2,74.0,72,13.6,8.4,8700,0.055,HIGH
2977,0.47,404.3,70,34.9,9.1,992,0.831,LOW
2978,0.57,629.4,94,32.7,1.7,5829,0.993,LOW
2979,0.62,383.4,79,76.8,7.4,9289,0.963,LOW
2980,0.82,580.1,42,46.4,3.6,834,0.994,LOW
2981,0.89,2.4,21,90.7,3.4,9446,0.0,HIGH
2982,0.58,177.0,4,86.0,5.5,2420,0.563,MEDIUM
2983,0.53,80.0,92,46.6,8.1,2261,0.692,MEDIUM
2984,0.36,366.1,61,30.6,8.7,5014,0.547,MEDIUM
2985,0.75,539.9,48,19.0,3.4,4821,0.979,LOW
2986,0.75,98.2,80,48.0,3.6,9995,0.902,LOW
2987,0.69,98.1,16,98.9,6.6,2257,0.727,LOW
2988,0.61,123.5,46,80.9,1.9,8235,0.805,LOW
2989,0.82,431.5,6,21.3,1.5,2505,0.942,LOW
2990,0.65,67.2,15,31.3,9.9,4059,0.24,HIGH
2991,0.48,579.6,93,53.8,4.7,3839,0.984,LOW
2992,0.98,310.0,69,76.0,8.0,7661,0.993,LOW
2993,0.42,465.5,68,75.3,2.9,1560,0.952,LOW
2994,0.55,346.5,63,40.8,6.6,3040,0.867,LOW
2995,0.58,237.6,69,62.1,9.5,9777,0.792,LOW
2996,0.98,2.2,40,94.6,9.8,1150,0.001,HIGH
2997,0.18,417.2,10,74.6,6.0,3601,0.286,HIGH
2998,0.55,511.9,39,73.6,4.5,928,0.958,LOW
2999,0.99,423.0,26,43.3,5.2,8953,0.984,LOW
3000,0.36,70.7,57,85.6,8.7,2309,0.344,HIGH
3001,0.86,523.8,15,6.2,8.3,7237,0.934,LOW
3002,0.13,401.7,72,48.0,1.2,9165,0.543,MEDIUM
3003,0.5,570.6,18,8.5,8.0,9036,0.669,MEDIUM
3004,0.94,106.4,20,2.9,6.5,949,0.754,LOW
3005,0.78,203.3,72,82.6,6.0,7702,0.965,LOW
3006,0.82,339.7,18,1.8,1.5,3032,0.898,LOW
3007,0.19,429.7,78,22.1,8.3,9677,0.416,MEDIUM
3008,0.56,101.1,68,67.7,8.0,5078,0.684,MEDIUM
3009,0.59,41.3,28,50.7,5.9,2047,0.369,HIGH
3010,0.61,34.0,16,59.7,3.9,3623,0.401,MEDIUM
3011,0.31,509.5,95,42.0,6.4,3319,0.904,LOW
3012,0.88,137.5,21,31.7,9.8,4477,0.713,LOW
3013,0.13,452.5,38,74.4,9.1,7513,0.313,HIGH
3014,0.91,370.6,2,46.1,2.9,2667,0.961,LOW
3015,0.8,78.9,31,73.8,2.4,7371,0.857,LOW
3016,0.03,193.3,62,4.2,4.8,4644,0.045,HIGH
3017,0.56,300.1,8,30.7,2.3,6208,0.561,MEDIUM
3018,0.12,452.6,89,90.0,3.0,8687,0.82,LOW
3019,0.93,332.7,80,3.0,2.9,4594,0.988,LOW
3020,0.62,399.4,97,83.7,5.7,4631,0.988,LOW
3021,0.38,411.8,78,65.7,9.4,8097,0.825,LOW
3022,0.08,305.1,85,63.4,3.7,8103,0.415,MEDIUM
3023,0.86,97.6,32,44.2,8.5,3547,0.784,LOW
3024,0.85,58.8,42,44.6,3.7,9341,0.823,LOW
3025,0.87,309.8,53,35.9,2.2,6037,0.976,LOW
3026,0.85,368.6,76,69.2,6.5,1676,0.993,LOW
3027,0.96,104.6,13,17.3,8.3,2917,0.726,LOW
3028,0.95,427.6,84,70.4,5.0,6352,0.998,LOW
3029,0.68,163.2,78,53.3,1.8,9568,0.922,LOW
3030,0.81,496.6,29,21.6,2.3,6303,0.973,LOW
3031,0.8,372.2,46,9.2,5.9,1442,0.938,LOW
3032,0.23,471.7,68,6.4,2.7,9287,0.57,MEDIUM
3033,0.52,583.6,19,38.2,9.2,2811,0.832,LOW
3034,0.71,371.8,13,49.3,3.0,878,0.909,LOW
3035,0.85,299.1,78,56.4,6.5,8475,0.982,LOW
3036,0.18,421.0,82,67.0,1.4,8443,0.779,LOW
3037,0.75,592.4,28,98.0,3.1,4418,0.994,LOW
3038,0.08,300.1,39,75.6,3.3,3687,0.228,HIGH
3039,0.69,622.8,47,29.3,3.2,2142,0.986,LOW
3040,0.11,102.4,6,23.0,8.2,4705,0.009,HIGH
3041,0.32,589.5,70,88.2,5.0,7476,0.949,LOW
3042,0.51,586.8,31,52.3,5.5,780,0.932,LOW
3043,0.15,415.1,52,35.8,2.7,8987,0.381,HIGH
3044,0.41,408.4,54,57.0,2.7,6546,0.845,LOW
3045,0.77,179.9,5,18.1,5.7,9722,0.503,MEDIUM
3046,0.49,214.2,83,55.9,5.0,4415,0.831,LOW
3047,0.86,2.3,16,98.3,4.9,1246,0.0,HIGH
3048,0.98,318.5,6,36.6,2.1,4728,0.963,LOW
3049,0.84,480.7,91,25.7,7.3,2108,0.994,LOW
3050,0.76,479.4,13,46.6,3.8,1343,0.959,LOW
3051,0.12,399.2,85,30.1,7.6,7490,0.383,HIGH
3052,0.92,247.2,79,94.3,3.7,1035,0.996,LOW
3053,0.57,591.9,47,27.4,7.1,2486,0.942,LOW
3054,0.34,408.6,50,61.8,3.8,2908,0.772,LOW
3055,0.77,178.6,66,39.1,2.3,8644,0.925,LOW
3056,0.82,328.6,52,78.3,2.7,4391,0.986,LOW
3057,0.73,549.2,24,16.9,2.5,1255,0.965,LOW
3058,0.9,456.6,35,4.0,1.7,1633,0.982,LOW
3059,0.8,571.9,1,61.2,3.7,518,0.982,LOW
3060,0.91,364.7,19,52.3,5.2,808,0.973,LOW
3061,0.69,468.5,36,49.1,7.2,3023,0.945,LOW
3062,0.06,299.0,35,94.0,4.7,4627,0.219,HIGH
3063,0.35,91.9,73,56.6,4.7,4885,0.418,MEDIUM
3064,0.87,556.2,3,24.2,3.5,1654,0.975,LOW
3065,0.6,472.9,4,30.7,5.3,2554,0.786,LOW
3066,0.54,212.2,63,7.7,3.9,2025,0.671,MEDIUM
3067,0.18,72.0,95,59.9,1.5,9253,0.323,HIGH
3068,0.82,109.6,8,14.3,5.2,532,0.594,MEDIUM
3069,0.05,481.7,47,93.2,1.5,7605,0.589,MEDIUM
3070,0.8,257.5,67,5.5,6.8,3660,0.911,LOW
3071,0.42,239.5,53,37.0,5.6,4285,0.519,MEDIUM
3072,0.68,104.7,32,53.1,9.9,8296,0.485,MEDIUM
3073,0.0,173.2,7,12.8,9.6,7425,0.005,HIGH
3074,0.57,41.8,29,57.8,9.9,7854,0.237,HIGH
3075,0.86,189.7,58,32.6,8.8,5898,0.905,LOW
3076,0.45,256.2,89,85.6,1.1,1280,0.948,LOW
3077,0.65,38.1,72,20.7,6.7,6002,0.57,MEDIUM
3078,0.59,54.7,50,10.4,2.6,9268,0.39,HIGH
3079,0.9,526.8,8,93.6,3.7,6972,0.992,LOW
3080,0.92,40.3,36,23.0,2.4,8169,0.814,LOW
3081,0.58,556.5,98,35.0,2.5,5980,0.99,LOW
3082,0.86,4.9,16,98.2,3.8,3670,0.0,HIGH
3083,0.84,350.1,30,67.5,9.0,2974,0.957,LOW
3084,0.91,84.0,64,29.3,5.7,7306,0.909,LOW
3085,0.52,575.5,15,24.5,8.2,8041,0.746,LOW
3086,0.75,234.5,51,70.5,4.2,7572,0.939,LOW
3087,0.04,542.6,10,32.1,3.1,592,0.211,HIGH
3088,0.37,427.1,55,58.3,8.4,6207,0.727,LOW
3089,0.63,179.2,15,22.4,7.2,8611,0.347,HIGH
3090,0.76,74.3,3,89.1,6.3,3086,0.68,MEDIUM
3091,0.85,100.9,75,71.0,5.7,1155,0.965,LOW
3092,0.16,88.6,89,68.2,9.5,9088,0.157,HIGH
3093,0.57,326.1,87,71.5,6.6,1208,0.958,LOW
3094,0.59,367.9,85,14.5,8.8,9269,0.866,LOW
3095,0.49,443.9,41,45.9,3.3,4125,0.87,LOW
3096,0.59,290.8,43,80.3,2.5,5337,0.908,LOW
3097,0.97,597.2,73,24.0,7.0,8325,0.997,LOW
3098,0.35,318.2,94,92.5,2.8,9615,0.91,LOW
3099,0.18,468.0,29,33.9,9.0,6689,0.222,HIGH
3100,0.65,180.6,77,50.3,7.7,4524,0.863,LOW
3101,0.85,343.1,31,15.5,5.0,914,0.938,LOW
3102,0.98,259.8,86,4.4,8.7,2549,0.98,LOW
3103,0.84,250.3,26,82.1,8.3,6914,0.921,LOW
3104,0.04,280.4,43,39.1,6.3,1662,0.085,HIGH
3105,1.0,551.8,40,64.1,4.6,4076,0.998,LOW
3106,0.41,334.3,21,2.8,5.6,7964,0.252,HIGH
3107,0.51,460.9,25,77.2,3.8,3106,0.906,LOW
3108,0.77,374.8,66,62.4,8.1,7742,0.972,LOW
3109,0.99,1.9,30,92.6,1.8,6298,0.001,HIGH
3110,0.07,331.1,20,94.6,2.1,4658,0.244,HIGH
3111,0.46,467.9,90,8.9,6.8,7927,0.883,LOW
3112,0.44,332.3,14,21.5,2.5,8429,0.395,HIGH
3113,0.97,204.8,43,37.9,1.2,9497,0.968,LOW
3114,0.84,445.1,19,0.4,3.4,9401,0.923,LOW
3115,0.45,235.3,11,8.2,4.9,8296,0.178,HIGH
3116,0.46,603.8,87,85.1,5.6,4622,0.989,LOW
3117,0.83,113.8,70,94.0,6.4,6799,0.963,LOW
3118,0.31,408.9,16,56.7,7.4,4754,0.381,HIGH
3119,0.65,606.0,99,22.6,3.7,2968,0.994,LOW
3120,0.52,40.7,27,60.6,8.5,2785,0.245,HIGH
3121,0.08,597.7,77,66.9,9.4,4855,0.71,LOW
3122,0.77,577.9,44,2.9,8.7,2688,0.965,LOW
3123,0.88,3.1,29,91.0,3.5,1341,0.0,HIGH
3124,0.96,143.5,57,6.3,3.2,5613,0.937,LOW
3125,0.94,182.9,51,38.5,5.5,8140,0.947,LOW
3126,0.18,33.2,30,31.4,1.6,6752,0.04,HIGH
3127,0.7,536.4,83,59.9,6.5,4805,0.993,LOW
3128,0.43,587.6,15,42.8,6.2,6546,0.763,LOW
3129,0.98,40.1,44,86.7,9.2,9423,0.921,LOW
3130,0.55,506.9,13,27.2,2.9,4234,0.835,LOW
3131,0.33,342.4,12,54.5,9.4,2132,0.256,HIGH
3132,0.07,135.6,39,89.4,3.6,4708,0.103,HIGH
3133,0.92,4.2,11,95.7,2.4,4925,0.0,HIGH
3134,0.49,69.8,34,75.2,5.5,1700,0.423,MEDIUM
3135,0.94,60.3,13,69.1,2.6,9533,0.866,LOW
3136,0.86,440.0,8,27.4,3.6,6954,0.947,LOW
3137,0.87,4.1,10,98.8,3.2,2311,0.0,HIGH
3138,0.56,311.1,51,3.7,8.5,6622,0.585,MEDIUM
3139,0.34,330.1,43,40.1,1.9,6097,0.553,MEDIUM
3140,0.46,224.0,23,17.8,2.9,5434,0.327,HIGH
3141,0.85,3.5,23,97.3,3.9,7687,0.0,HIGH
3142,0.91,49.7,3,79.5,3.8,9761,0.796,LOW
3143,0.3,203.2,60,18.1,7.1,7513,0.192,HIGH
3144,0.52,242.2,47,54.0,2.7,888,0.783,LOW
3145,0.95,197.3,56,72.6,2.2,5487,0.986,LOW
3146,0.45,466.9,47,58.9,9.3,9373,0.78,LOW
3147,0.35,532.8,16,21.1,4.6,7284,0.529,MEDIUM
3148,0.54,80.9,65,59.7,1.2,5765,0.728,LOW
3149,0.41,134.0,72,61.0,9.8,2607,0.481,MEDIUM
3150,0.87,146.1,91,37.3,3.0,1863,0.979,LOW
3151,0.27,156.4,33,62.4,8.0,692,0.162,HIGH
3152,0.15,475.8,99,70.5,4.3,891,0.879,LOW
3153,0.9,370.9,82,52.7,6.7,9443,0.991,LOW
3154,0.5,101.7,29,88.3,1.5,9234,0.546,MEDIUM
3155,0.65,431.4,4,38.5,1.2,2980,0.878,LOW
3156,0.28,60.8,66,28.5,2.2,5992,0.191,HIGH
3157,0.97,4.2,38,96.2,9.5,549,0.001,HIGH
3158,0.06,273.4,12,25.7,8.4,6230,0.022,HIGH
3159,0.85,423.8,1,1.5,8.4,9296,0.802,LOW
3160,0.13,234.8,81,11.8,3.8,8665,0.181,HIGH
3161,0.54,91.9,91,81.2,4.2,1686,0.881,LOW
3162,0.87,79.7,61,54.9,9.8,2000,0.897,LOW
3163,0.03,138.5,53,58.3,5.7,8465,0.051,HIGH
3164,0.07,515.3,11,52.9,1.7,680,0.308,HIGH
3165,0.3,262.8,91,57.3,5.3,9065,0.66,MEDIUM
3166,0.24,37.2,86,24.1,4.6,5798,0.161,HIGH
3167,0.77,397.5,13,2.9,6.0,7961,0.801,LOW
3168,0.81,366.0,63,55.4,1.2,3589,0.989,LOW
3169,0.09,402.7,59,16.9,2.2,1139,0.327,HIGH
3170,0.91,3.4,25,93.2,4.1,6739,0.0,HIGH
3171,0.99,367.5,19,77.5,2.2,2009,0.992,LOW
3172,0.31,562.7,12,94.2,8.4,9977,0.669,MEDIUM
3173,0.75,374.3,94,37.3,4.0,7329,0.986,LOW
3174,0.55,529.6,9,21.1,4.3,6321,0.783,LOW
3175,0.01,115.8,27,70.4,9.4,9875,0.015,HIGH
3176,0.08,341.7,74,86.1,6.5,757,0.494,MEDIUM
3177,0.88,2.3,13,99.1,4.3,8740,0.0,HIGH
3178,0.54,210.9,60,31.3,1.5,3475,0.77,LOW
3179,0.21,239.1,93,55.4,7.6,7879,0.449,MEDIUM
3180,0.19,594.9,32,54.2,5.5,7235,0.599,MEDIUM
3181,0.17,476.6,54,71.7,2.9,8210,0.667,MEDIUM
3182,0.18,499.1,43,43.4,6.8,2767,0.479,MEDIUM
3183,0.71,335.0,66,4.8,9.6,4408,0.867,LOW
3184,0.53,342.4,27,44.5,1.6,9693,0.735,LOW
3185,0.51,598.4,25,65.9,6.8,2081,0.929,LOW
3186,0.7,61.3,0,57.8,5.0,9916,0.371,HIGH
3187,0.02,424.3,95,90.4,9.9,1622,0.595,MEDIUM
3188,0.22,491.6,7,23.1,7.3,7193,0.185,HIGH
3189,0.46,144.5,19,70.9,1.9,1596,0.475,MEDIUM
3190,0.76,540.6,5,86.7,5.1,5935,0.976,LOW
3191,0.75,603.6,28,34.0,2.6,9795,0.979,LOW
3192,0.26,141.5,95,40.6,2.3,3511,0.513,MEDIUM
3193,0.29,130.9,81,6.5,9.2,8464,0.143,HIGH
3194,0.11,159.3,52,32.8,9.7,6032,0.042,HIGH
3195,0.86,281.0,59,95.9,3.2,6688,0.99,LOW
3196,0.33,376.7,10,7.4,1.5,2314,0.29,HIGH
3197,0.61,504.5,42,27.4,2.1,5453,0.945,LOW
3198,0.07,52.0,56,61.5,4.4,5451,0.058,HIGH
3199,0.08,279.1,78,99.9,8.0,8719,0.369,HIGH
3200,0.69,306.5,21,97.6,5.9,9477,0.899,LOW
3201,0.36,305.5,61,69.1,4.4,4143,0.737,LOW
3202,0.85,52.7,62,71.9,3.3,3887,0.944,LOW
3203,0.61,196.2,62,63.7,4.3,2424,0.879,LOW
3204,0.99,621.2,0,98.2,6.2,7507,0.996,LOW
3205,0.22,391.8,67,42.8,5.4,9196,0.501,MEDIUM
3206,0.27,399.6,93,20.7,3.8,3631,0.755,LOW
3207,0.3,518.5,13,73.2,1.3,2831,0.744,LOW
3208,0.18,371.6,74,17.2,1.7,4916,0.485,MEDIUM
3209,0.62,105.2,90,74.4,2.5,4477,0.928,LOW
3210,0.52,332.9,64,44.8,1.2,2023,0.911,LOW
3211,0.85,1.1,32,91.2,7.8,1553,0.0,HIGH
3212,0.15,202.5,2,70.0,8.3,717,0.051,HIGH
3213,0.78,242.6,65,21.1,9.1,1655,0.897,LOW
3214,0.04,542.6,89,20.6,7.7,588,0.535,MEDIUM
3215,0.66,599.4,31,0.6,1.5,611,0.963,LOW
3216,0.93,5.0,13,97.4,3.7,4923,0.0,HIGH
3217,0.26,563.1,82,0.2,7.4,5653,0.722,LOW
3218,0.98,582.8,88,59.2,8.9,793,0.999,LOW
3219,0.28,163.0,98,17.7,4.7,6066,0.393,HIGH
3220,0.36,456.9,33,59.5,8.3,9483,0.589,MEDIUM
3221,0.86,362.9,92,52.7,2.2,812,0.996,LOW
3222,0.44,552.3,19,56.3,5.4,2531,0.841,LOW
3223,0.04,36.8,64,21.8,3.5,4709,0.032,HIGH
3224,0.81,611.7,60,28.6,7.2,8224,0.99,LOW
3225,0.79,197.0,60,40.7,7.5,3811,0.905,LOW
3226,0.36,420.1,19,16.3,8.2,9057,0.273,HIGH
3227,0.74,97.1,97,27.9,9.6,6324,0.853,LOW
3228,0.83,531.0,62,82.9,7.4,2597,0.996,LOW
3229,0.8,542.3,47,80.1,4.0,9203,0.993,LOW
3230,0.5,63.3,89,91.0,5.1,3749,0.823,LOW
3231,0.91,4.4,41,95.7,1.4,9232,0.001,HIGH
3232,0.57,371.6,80,41.0,6.9,1872,0.935,LOW
3233,0.17,114.8,0,56.9,3.4,5592,0.036,HIGH
3234,0.19,495.2,88,49.6,2.4,9827,0.82,LOW
3235,1.0,461.3,8,98.9,5.6,2820,0.994,LOW
3236,0.13,214.1,57,86.5,3.7,8530,0.276,HIGH
3237,0.69,462.6,49,66.3,9.6,6166,0.957,LOW
3238,0.15,274.7,92,92.1,4.4,6078,0.661,MEDIUM
3239,0.12,383.7,46,4.4,9.4,5359,0.095,HIGH
3240,0.26,525.6,52,86.8,5.7,4041,0.841,LOW
3241,0.61,628.2,53,22.9,1.5,4183,0.981,LOW
3242,0.73,170.1,60,21.1,7.4,4979,0.787,LOW
3243,0.89,265.2,32,31.2,7.7,3481,0.917,LOW
3244,0.68,275.0,10,76.9,9.3,2669,0.761,LOW
3245,0.37,141.0,45,97.8,4.4,7572,0.487,MEDIUM
3246,0.05,196.9,3,33.4,6.1,7576,0.014,HIGH
3247,0.58,163.0,4,50.4,8.8,5386,0.281,HIGH
3248,0.34,354.6,52,77.7,9.3,3493,0.641,MEDIUM
3249,0.04,311.2,25,39.4,6.1,664,0.068,HIGH
3250,0.21,328.7,0,76.7,2.7,5071,0.227,HIGH
3251,0.08,502.7,38,67.5,6.5,1835,0.415,MEDIUM
3252,0.06,481.3,17,45.6,5.0,692,0.195,HIGH
3253,0.57,343.5,54,26.9,3.4,7506,0.834,LOW
3254,0.85,360.4,79,74.9,6.1,5893,0.993,LOW
3255,0.96,55.5,84,98.1,5.6,3819,0.988,LOW
3256,0.85,86.5,13,83.4,6.0,7632,0.803,LOW
3257,0.99,2.4,41,98.5,1.1,1648,0.002,HIGH
3258,0.9,187.5,77,22.6,3.5,4132,0.971,LOW
3259,0.9,4.4,40,99.7,4.6,810,0.001,HIGH
3260,0.73,247.7,76,4.1,7.1,1792,0.895,LOW
3261,0.79,408.7,35,44.8,5.6,933,0.965,LOW
3262,0.32,408.1,58,59.5,3.1,9025,0.742,LOW
3263,0.18,137.9,38,41.7,9.5,7118,0.046,HIGH
3264,0.6,30.1,81,77.9,2.8,6563,0.835,LOW
3265,0.41,46.2,57,86.0,9.0,4721,0.341,HIGH
3266,0.99,4.3,35,94.1,8.4,1960,0.001,HIGH
3267,0.88,41.5,68,89.6,8.9,3959,0.943,LOW
3268,0.39,303.1,69,99.1,8.5,1223,0.841,LOW
3269,0.66,569.8,27,14.3,2.6,7920,0.94,LOW
3270,0.59,149.2,34,46.2,5.5,7473,0.518,MEDIUM
3271,0.91,104.4,52,31.7,7.1,8560,0.871,LOW
3272,0.17,330.5,52,21.3,1.9,8258,0.255,HIGH
3273,0.53,73.4,31,8.2,1.0,3334,0.291,HIGH
3274,0.23,448.3,75,63.5,9.5,5689,0.667,MEDIUM
3275,0.87,497.0,37,54.8,1.2,1794,0.994,LOW
3276,0.48,240.8,90,16.3,7.6,7952,0.684,MEDIUM
3277,0.89,357.8,58,99.8,6.4,8114,0.992,LOW
3278,0.06,34.0,44,30.4,1.9,6469,0.025,HIGH
3279,0.53,64.0,43,54.8,7.4,6493,0.345,HIGH
3280,0.16,157.2,45,52.9,4.0,9430,0.106,HIGH
3281,0.33,166.0,29,31.3,6.3,6496,0.123,HIGH
3282,0.87,545.1,22,42.2,9.7,2333,0.977,LOW
3283,0.7,270.8,21,94.3,6.1,1191,0.907,LOW
3284,0.13,166.6,80,50.1,9.8,5715,0.134,HIGH
3285,0.13,569.3,84,64.1,7.7,9105,0.761,LOW
3286,0.22,512.5,56,44.9,7.1,1878,0.654,MEDIUM
3287,0.74,387.5,47,84.2,1.4,4695,0.985,LOW
3288,0.74,254.8,18,62.6,8.8,9131,0.757,LOW
3289,0.34,449.7,38,54.2,6.7,2873,0.661,MEDIUM
3290,0.28,104.3,5,32.7,3.8,2904,0.052,HIGH
3291,0.86,100.1,43,62.8,3.0,7477,0.913,LOW
3292,0.75,248.2,44,6.0,4.6,3309,0.826,LOW
3293,0.33,401.8,86,5.5,8.6,4447,0.621,MEDIUM
3294,0.69,191.6,35,21.3,8.2,2359,0.618,MEDIUM
3295,0.05,411.6,54,73.4,2.7,6216,0.407,MEDIUM
3296,0.62,139.1,57,8.2,3.0,5394,0.631,MEDIUM
3297,0.04,126.2,84,5.9,3.0,9188,0.062,HIGH
3298,0.64,564.6,95,32.2,9.3,6454,0.984,LOW
3299,0.71,465.5,70,46.1,6.1,8030,0.978,LOW
3300,0.73,269.1,28,52.3,1.2,3600,0.914,LOW
3301,0.61,193.1,32,52.9,9.4,5185,0.561,MEDIUM
3302,0.77,505.8,65,83.5,8.2,5208,0.992,LOW
3303,0.47,359.7,58,31.2,6.5,2755,0.763,LOW
3304,0.17,320.0,13,77.2,9.7,3966,0.127,HIGH
3305,0.6,364.6,89,27.5,3.4,5977,0.953,LOW
3306,0.08,138.5,18,68.7,10.0,9860,0.02,HIGH
3307,0.16,242.0,83,78.6,10.0,1423,0.408,MEDIUM
3308,0.3,248.5,67,48.1,9.4,4924,0.367,HIGH
3309,0.67,82.8,92,81.2,3.0,6310,0.942,LOW
3310,0.31,333.4,77,14.2,6.8,5258,0.504,MEDIUM
3311,0.12,505.3,47,86.5,5.3,6553,0.608,MEDIUM
3312,0.87,433.8,83,84.3,2.8,4598,0.998,LOW
3313,0.65,73.6,61,47.8,1.6,5670,0.793,LOW
3314,0.17,362.9,3,72.7,3.4,5742,0.202,HIGH
3315,0.18,472.1,98,17.3,2.1,3496,0.784,LOW
3316,0.37,466.1,22,67.2,9.8,5475,0.583,MEDIUM
3317,0.74,40.3,69,27.5,8.7,4163,0.688,MEDIUM
3318,0.38,262.4,47,62.2,3.1,2830,0.641,MEDIUM
3319,0.86,527.2,87,56.6,6.9,5946,0.997,LOW
3320,0.88,135.5,34,95.4,9.6,1603,0.928,LOW
3321,0.87,78.1,90,73.1,5.5,8781,0.969,LOW
3322,0.57,511.4,59,48.0,9.8,7912,0.923,LOW
3323,0.69,117.0,43,22.5,2.1,6497,0.692,MEDIUM
3324,0.43,479.4,11,21.9,9.3,1447,0.484,MEDIUM
3325,0.98,259.4,41,16.6,2.5,4964,0.969,LOW
3326,0.3,229.7,76,27.0,1.2,1568,0.561,MEDIUM
3327,0.62,603.3,64,91.0,4.5,8433,0.993,LOW
3328,0.59,376.2,16,57.2,6.2,5081,0.781,LOW
3329,0.41,547.4,92,63.3,1.9,9295,0.977,LOW
3330,0.26,497.1,8,67.7,9.1,9744,0.34,HIGH
3331,0.87,142.0,16,96.5,7.5,4331,0.899,LOW
3332,0.15,410.0,11,8.7,4.2,9372,0.087,HIGH
3333,0.78,123.0,50,49.5,9.6,6135,0.778,LOW
3334,0.21,204.6,74,3.0,3.3,2841,0.224,HIGH
3335,0.15,619.4,67,4.3,3.6,3154,0.68,MEDIUM
3336,0.96,4.5,24,91.5,9.2,4239,0.0,HIGH
3337,0.35,371.6,33,69.3,9.0,9224,0.461,MEDIUM
3338,0.83,204.0,75,76.5,5.7,9103,0.973,LOW
3339,0.89,445.9,62,93.3,8.7,5567,0.995,LOW
3340,0.29,403.7,48,4.2,1.0,5312,0.492,MEDIUM
3341,0.36,217.3,51,77.3,2.4,1003,0.656,MEDIUM
3342,0.91,222.9,85,94.3,2.1,5384,0.996,LOW
3343,0.62,70.8,72,82.7,3.9,5879,0.855,LOW
3344,0.18,137.5,96,25.2,5.7,5343,0.225,HIGH
3345,0.72,279.0,16,62.1,2.9,1792,0.89,LOW
3346,0.97,473.7,65,98.8,8.1,3917,0.998,LOW
3347,0.92,113.9,77,75.1,7.5,5631,0.973,LOW
3348,0.83,133.0,51,43.9,6.4,5737,0.876,LOW
3349,0.29,494.3,12,10.3,9.6,1504,0.245,HIGH
3350,0.57,286.3,11,45.6,2.8,8022,0.604,MEDIUM
3351,0.37,249.0,96,42.5,3.1,5568,0.787,LOW
3352,0.59,218.3,81,3.2,10.0,5725,0.648,MEDIUM
3353,0.99,383.7,41,84.2,1.4,3573,0.997,LOW
3354,0.95,3.2,30,90.2,3.7,2236,0.001,HIGH
3355,0.22,338.0,10,46.4,7.1,4676,0.136,HIGH
3356,0.6,328.9,43,27.1,1.5,6981,0.839,LOW
3357,0.4,584.4,20,6.4,1.8,6619,0.723,LOW
3358,0.12,505.3,3,53.0,6.5,6278,0.184,HIGH
3359,0.78,64.0,84,86.7,4.6,2560,0.961,LOW
3360,0.21,36.4,6,98.1,3.5,9089,0.06,HIGH
3361,0.42,133.7,87,26.0,5.7,3298,0.542,MEDIUM
3362,0.95,1.8,18,94.4,4.4,3102,0.0,HIGH
3363,0.28,526.0,1,22.9,6.7,1443,0.325,HIGH
3364,0.48,72.1,17,78.6,9.6,5888,0.199,HIGH
3365,0.01,168.4,3,19.7,8.9,8068,0.005,HIGH
3366,0.23,494.6,96,99.9,2.1,3953,0.96,LOW
3367,0.78,53.0,67,75.8,1.6,8870,0.927,LOW
3368,0.75,279.4,67,34.0,1.3,3223,0.964,LOW
3369,0.72,397.1,71,47.5,2.8,8019,0.979,LOW
3370,0.36,202.6,96,43.6,7.3,3221,0.645,MEDIUM
3371,0.61,465.4,81,81.5,4.0,7988,0.987,LOW
3372,0.82,54.2,13,20.1,6.8,9778,0.426,MEDIUM
3373,0.14,310.4,2,9.2,4.8,2350,0.043,HIGH
3374,0.27,301.7,69,64.0,3.6,3583,0.659,MEDIUM
3375,0.01,75.1,66,53.9,1.1,1246,0.086,HIGH
3376,0.89,2.8,14,98.8,7.3,4876,0.0,HIGH
3377,0.64,306.3,30,42.9,5.4,4918,0.793,LOW
3378,0.2,95.9,26,28.5,1.4,3886,0.062,HIGH
3379,0.5,242.2,18,98.7,2.2,1217,0.773,LOW
3380,0.43,404.0,59,2.2,2.1,4222,0.745,LOW
3381,0.24,352.5,63,32.3,4.4,4251,0.491,MEDIUM
3382,0.11,493.1,66,2.8,3.9,7488,0.363,HIGH
3383,0.21,615.6,61,89.9,2.7,2072,0.937,LOW
3384,0.93,226.9,82,44.6,3.5,6610,0.987,LOW
3385,0.41,150.5,96,94.3,1.9,3449,0.891,LOW
3386,0.76,213.7,19,0.3,8.5,4095,0.551,MEDIUM
3387,0.55,550.9,37,94.1,6.3,2594,0.97,LOW
3388,0.1,336.9,95,24.9,9.0,7256,0.281,HIGH
3389,0.06,108.0,96,19.5,5.5,2965,0.1,HIGH
3390,0.13,395.3,85,64.6,4.7,3956,0.653,MEDIUM
3391,0.3,73.8,7,96.4,3.0,8376,0.134,HIGH
3392,0.91,404.8,9,24.7,9.0,8524,0.909,LOW
3393,0.11,382.4,62,42.1,7.5,7361,0.258,HIGH
3394,0.34,66.0,16,35.3,1.6,5348,0.097,HIGH
3395,0.65,474.6,76,32.9,6.6,7410,0.966,LOW
3396,0.92,236.5,38,75.3,7.2,8430,0.961,LOW
3397,0.51,614.1,40,33.1,9.4,1817,0.905,LOW
3398,0.43,358.6,81,2.9,6.7,8517,0.673,MEDIUM
3399,0.98,579.9,40,6.7,8.5,1246,0.991,LOW
3400,0.81,302.8,98,74.5,5.8,8072,0.991,LOW
3401,0.73,193.7,42,68.8,5.6,3207,0.893,LOW
3402,0.86,290.8,17,58.7,8.7,6880,0.898,LOW
3403,0.93,1.6,33,90.8,1.7,2842,0.001,HIGH
3404,0.02,181.7,17,30.4,6.7,3960,0.016,HIGH
3405,0.63,41.3,19,52.2,2.1,5673,0.447,MEDIUM
3406,0.81,560.5,73,52.7,3.0,3583,0.997,LOW
3407,0.34,227.0,99,30.6,6.9,605,0.657,MEDIUM
3408,0.21,292.7,2,35.5,5.5,2386,0.09,HIGH
3409,0.12,383.6,59,73.8,7.4,841,0.454,MEDIUM
3410,0.99,422.7,90,23.2,9.3,694,0.996,LOW
3411,0.94,580.1,8,85.7,8.7,6343,0.992,LOW
3412,0.52,433.8,38,51.3,4.9,2613,0.873,LOW
3413,0.69,607.6,23,11.7,2.0,6036,0.959,LOW
3414,0.82,98.8,55,26.0,9.5,6054,0.755,LOW
3415,0.91,46.4,39,61.9,5.5,830,0.901,LOW
3416,0.84,81.2,73,15.6,5.7,2449,0.881,LOW
3417,0.47,424.9,96,52.9,2.0,3741,0.969,LOW
3418,0.2,502.5,39,50.1,9.4,1192,0.462,MEDIUM
3419,0.89,1.4,47,95.7,9.6,8129,0.0,HIGH
3420,0.44,451.3,7,3.4,6.9,9871,0.318,HIGH
3421,0.47,344.0,62,32.9,3.8,3768,0.81,LOW
3422,0.44,467.8,24,26.9,1.4,5966,0.73,LOW
3423,0.84,431.6,63,66.2,2.7,1398,0.995,LOW
3424,0.22,91.7,71,70.2,7.8,7063,0.191,HIGH
3425,0.24,184.6,14,8.1,6.8,6183,0.037,HIGH
3426,0.95,164.0,4,98.4,7.5,1792,0.932,LOW
3427,0.71,144.1,93,56.8,2.1,4051,0.962,LOW
3428,0.13,135.6,15,2.4,7.7,5889,0.011,HIGH
3429,0.48,213.6,63,44.0,9.5,1425,0.599,MEDIUM
3430,0.87,602.9,80,92.1,1.4,6485,0.999,LOW
3431,0.34,433.4,42,30.7,9.3,3670,0.489,MEDIUM
3432,0.17,250.6,17,40.1,1.5,2157,0.128,HIGH
3433,0.81,32.5,9,9.1,1.9,4451,0.491,MEDIUM
3434,0.21,223.6,15,16.7,5.0,7884,0.05,HIGH
3435,0.65,130.3,58,47.8,1.6,3963,0.834,LOW
3436,0.61,289.2,21,85.7,8.9,2716,0.779,LOW
3437,0.64,57.9,21,84.3,1.1,5123,0.683,MEDIUM
3438,0.48,297.4,42,78.8,8.2,1360,0.749,LOW
3439,0.05,423.5,84,47.6,9.6,553,0.392,HIGH
3440,0.17,151.8,72,38.5,5.8,9150,0.145,HIGH
3441,0.76,225.2,80,9.8,1.3,3300,0.952,LOW
3442,0.3,366.8,7,11.0,7.1,8163,0.119,HIGH
3443,0.34,297.6,8,20.1,3.7,1862,0.205,HIGH
3444,0.45,136.5,12,13.6,3.5,7840,0.134,HIGH
3445,0.32,239.7,62,2.5,7.4,4169,0.241,HIGH
3446,0.65,302.3,57,43.4,4.7,4078,0.907,LOW
3447,0.14,337.5,43,36.0,4.5,4407,0.203,HIGH
3448,0.73,601.6,20,80.9,2.9,3090,0.99,LOW
3449,0.25,74.5,84,38.5,3.3,9043,0.244,HIGH
3450,0.19,187.6,48,3.2,1.9,756,0.124,HIGH
3451,0.7,374.6,98,40.4,3.9,6019,0.985,LOW
3452,0.44,401.0,18,22.0,9.8,3262,0.385,HIGH
3453,0.92,68.5,62,76.6,8.1,6815,0.944,LOW
3454,0.71,308.4,77,51.2,6.0,7939,0.956,LOW
3455,0.8,76.9,47,44.9,5.2,6817,0.803,LOW
3456,0.45,40.7,96,48.4,1.2,9469,0.661,MEDIUM
3457,0.2,527.8,15,75.2,1.1,8907,0.592,MEDIUM
3458,0.77,53.6,47,95.2,9.8,5378,0.822,LOW
3459,0.61,306.8,41,88.6,8.6,4106,0.879,LOW
3460,0.38,613.9,10,51.0,8.0,7851,0.691,MEDIUM
3461,0.47,93.0,39,84.8,4.5,3892,0.521,MEDIUM
3462,0.38,285.0,16,54.1,4.1,9625,0.326,HIGH
3463,0.87,1.7,11,97.5,1.8,2992,0.0,HIGH
3464,0.9,90.7,98,31.3,9.4,1943,0.954,LOW
3465,0.88,4.3,28,96.0,9.0,6591,0.0,HIGH
3466,0.8,314.0,88,77.2,2.4,7914,0.993,LOW
3467,0.55,614.1,66,82.7,5.8,9076,0.986,LOW
3468,0.34,165.1,15,64.1,5.3,6283,0.174,HIGH
3469,0.87,594.0,81,75.9,3.8,5008,0.999,LOW
3470,0.28,331.4,0,19.7,6.1,3585,0.11,HIGH
3471,0.86,580.5,37,93.2,8.6,4096,0.995,LOW
3472,0.5,68.5,65,97.9,8.4,1097,0.678,MEDIUM
3473,0.87,4.6,31,97.3,1.5,3993,0.001,HIGH
3474,0.88,408.2,46,71.5,1.1,4700,0.994,LOW
3475,0.35,136.1,88,87.2,7.3,2807,0.668,MEDIUM
3476,0.31,56.7,69,83.6,1.4,6939,0.451,MEDIUM
3477,0.1,328.4,46,18.1,7.5,3880,0.099,HIGH
3478,0.74,401.2,60,48.2,2.9,7098,0.977,LOW
3479,0.6,439.0,86,81.6,4.7,1399,0.988,LOW
3480,0.93,492.0,93,24.2,5.2,1531,0.998,LOW
3481,0.32,175.7,76,15.4,7.3,9146,0.24,HIGH
3482,0.98,114.5,60,73.3,7.8,1900,0.974,LOW
3483,0.72,394.9,2,38.2,3.5,4299,0.862,LOW
3484,0.89,626.3,17,15.8,2.1,8880,0.987,LOW
3485,0.03,545.3,17,64.9,8.3,9969,0.166,HIGH
3486,0.58,340.1,17,82.5,8.0,3997,0.786,LOW
3487,0.67,579.5,19,22.4,8.5,6406,0.898,LOW
3488,0.89,52.6,6,85.5,8.1,8632,0.736,LOW
3489,0.91,426.8,96,94.2,3.7,9568,0.999,LOW
3490,0.41,330.9,50,20.0,5.3,6641,0.534,MEDIUM
3491,0.97,498.6,90,17.7,2.4,9266,0.998,LOW
3492,0.61,53.0,10,5.9,3.4,2723,0.202,HIGH
3493,0.86,423.6,79,13.3,8.2,8801,0.98,LOW
3494,0.19,510.5,96,22.0,6.0,7843,0.729,LOW
3495,0.45,173.3,87,23.8,1.0,8973,0.704,LOW
3496,0.23,260.0,79,72.1,8.9,3473,0.49,MEDIUM
3497,0.44,479.0,15,21.3,6.9,9614,0.499,MEDIUM
3498,0.69,556.1,73,20.2,3.0,2454,0.988,LOW
3499,0.2,467.2,91,45.7,5.9,2923,0.793,LOW
3500,0.54,220.9,63,52.0,9.5,1602,0.721,LOW
3501,0.8,603.3,75,20.0,8.9,5444,0.991,LOW
3502,0.28,337.8,77,32.9,1.2,829,0.736,LOW
3503,0.69,319.2,54,80.9,6.7,5455,0.95,LOW
3504,0.06,493.0,36,85.4,3.1,3275,0.511,MEDIUM
3505,0.29,474.1,18,59.3,7.6,2417,0.5,MEDIUM
3506,0.86,249.9,33,99.9,9.9,3961,0.955,LOW
3507,0.01,355.2,28,75.4,7.9,7695,0.091,HIGH
3508,0.06,457.5,7,75.7,8.7,3492,0.144,HIGH
3509,0.85,297.7,31,27.8,2.3,7263,0.935,LOW
3510,0.3,109.6,88,46.2,5.6,8966,0.355,HIGH
3511,0.88,2.5,45,91.2,8.7,6964,0.0,HIGH
3512,0.82,628.9,63,17.1,6.5,1627,0.994,LOW
3513,0.02,62.2,46,90.2,3.6,2894,0.069,HIGH
3514,0.15,278.5,56,40.0,5.1,4501,0.221,HIGH
3515,0.95,3.9,13,95.8,7.5,8261,0.0,HIGH
3516,0.16,195.5,25,31.0,9.3,9065,0.032,HIGH
3517,0.26,610.1,77,53.2,2.7,5721,0.931,LOW
3518,0.11,247.8,42,32.8,1.9,5090,0.13,HIGH
3519,0.01,432.5,28,35.4,1.1,5079,0.164,HIGH
3520,0.62,146.7,71,97.5,7.8,2237,0.902,LOW
3521,0.6,121.1,38,9.0,4.7,9622,0.358,HIGH
3522,0.33,621.9,89,11.5,6.7,3779,0.915,LOW
3523,0.89,353.0,22,45.6,7.9,2733,0.95,LOW
3524,0.83,85.1,11,48.9,5.4,1141,0.713,LOW
3525,0.78,355.4,37,71.7,1.4,5214,0.977,LOW
3526,0.38,48.6,71,34.5,5.6,3043,0.286,HIGH
3527,0.97,316.0,4,45.6,5.7,5215,0.943,LOW
3528,0.25,36.3,9,68.8,1.7,1509,0.08,HIGH
3529,0.21,529.4,83,3.3,9.1,6617,0.563,MEDIUM
3530,0.27,457.8,34,15.3,6.1,2332,0.394,HIGH
3531,0.16,380.5,2,72.7,6.3,4640,0.168,HIGH
3532,0.25,413.0,12,55.5,2.3,7313,0.369,HIGH
3533,0.0,302.9,65,35.7,2.3,9495,0.145,HIGH
3534,0.04,584.8,22,91.7,4.2,7701,0.48,MEDIUM
3535,0.57,515.9,22,45.5,2.1,3890,0.922,LOW
3536,0.1,183.6,36,6.4,8.6,9218,0.019,HIGH
3537,0.81,346.5,58,57.5,9.1,622,0.971,LOW
3538,0.06,343.7,49,52.7,7.2,7369,0.144,HIGH
3539,0.82,211.2,28,48.6,6.2,9613,0.841,LOW
3540,0.95,74.1,39,37.8,6.6,2764,0.884,LOW
3541,0.61,443.7,23,24.1,4.3,5363,0.835,LOW
3542,0.83,589.3,80,5.4,3.7,3159,0.995,LOW
3543,0.01,174.6,45,38.5,3.3,2369,0.053,HIGH
3544,0.94,4.7,19,92.2,3.7,5478,0.0,HIGH
3545,0.72,435.4,6,1.4,9.7,5602,0.683,MEDIUM
3546,0.13,53.7,72,67.9,1.2,2613,0.201,HIGH
3547,0.86,3.9,43,93.9,8.1,4131,0.0,HIGH
3548,0.82,154.0,62,58.4,8.8,5394,0.914,LOW
3549,0.4,107.5,86,34.7,4.3,8789,0.485,MEDIUM
3550,0.4,320.4,19,7.9,9.5,5460,0.174,HIGH
3551,0.31,359.7,15,64.5,6.0,5139,0.367,HIGH
3552,0.75,128.6,17,67.2,6.0,4873,0.716,LOW
3553,0.44,283.4,95,21.9,8.6,6559,0.716,LOW
3554,0.03,297.6,25,7.0,7.6,7636,0.021,HIGH
3555,0.28,322.1,43,27.1,7.9,5101,0.256,HIGH
3556,0.73,92.4,72,41.9,1.1,6120,0.901,LOW
3557,0.26,389.4,11,22.6,1.6,7848,0.235,HIGH
3558,0.93,182.3,58,67.9,3.6,5997,0.979,LOW
3559,1.0,61.9,99,4.1,3.9,1662,0.976,LOW
3560,0.63,568.5,79,65.8,8.1,3619,0.989,LOW
3561,0.62,237.7,78,5.3,4.3,2698,0.841,LOW
3562,0.96,585.2,92,0.2,2.2,9442,0.998,LOW
3563,0.33,31.4,34,39.4,3.2,739,0.123,HIGH
3564,0.49,232.4,83,72.4,7.4,2372,0.857,LOW
3565,0.53,255.0,87,88.2,9.7,6152,0.9,LOW
3566,0.01,354.3,54,97.2,9.8,6691,0.204,HIGH
3567,0.43,126.8,47,98.3,7.7,9044,0.465,MEDIUM
3568,0.37,470.3,81,54.1,6.2,7846,0.888,LOW
3569,0.92,468.2,95,14.5,2.5,7628,0.997,LOW
3570,0.5,500.4,34,7.5,3.4,1584,0.82,LOW
3571,0.94,3.1,23,98.3,1.3,782,0.001,HIGH
3572,0.61,456.4,39,40.1,4.0,6385,0.916,LOW
3573,0.48,158.6,48,9.0,8.9,3208,0.267,HIGH
3574,0.03,97.4,34,0.4,3.6,1772,0.015,HIGH
3575,0.19,421.2,41,80.2,7.4,9001,0.436,MEDIUM
3576,0.37,254.0,10,61.9,4.6,882,0.343,HIGH
3577,0.98,330.6,82,61.6,9.6,3457,0.994,LOW
3578,0.66,346.3,4,32.6,5.8,8823,0.648,MEDIUM
3579,0.16,405.3,2,63.3,3.4,4616,0.215,HIGH
3580,0.32,401.9,52,11.6,9.2,3665,0.384,HIGH
3581,0.38,135.9,28,20.0,2.6,7965,0.153,HIGH
3582,0.95,204.9,35,86.5,8.3,7467,0.961,LOW
3583,0.6,126.1,81,19.3,8.9,9811,0.592,MEDIUM
3584,0.58,302.5,77,80.1,5.8,3923,0.949,LOW
3585,0.63,430.8,40,0.8,4.9,6368,0.834,LOW
3586,0.03,169.9,19,9.2,7.9,4936,0.009,HIGH
3587,0.98,167.7,9,61.2,9.1,6177,0.876,LOW
3588,0.46,68.4,73,40.8,3.3,1296,0.558,MEDIUM
3589,0.99,396.9,54,62.1,1.4,927,0.997,LOW
3590,0.5,337.8,15,81.2,7.8,3344,0.68,MEDIUM
3591,0.73,475.6,24,69.3,2.7,9235,0.969,LOW
3592,0.12,131.8,91,29.5,8.2,4495,0.122,HIGH
3593,0.51,385.7,43,70.2,2.6,4912,0.896,LOW
3594,0.91,4.5,10,91.0,9.6,2624,0.0,HIGH
3595,0.27,391.4,36,62.7,2.2,4946,0.584,MEDIUM
3596,0.27,285.3,49,84.2,9.0,3000,0.447,MEDIUM
3597,0.07,151.0,94,81.3,4.8,8674,0.278,HIGH
3598,0.61,118.1,78,52.6,9.4,6240,0.727,LOW
3599,0.37,624.5,38,11.3,5.1,3882,0.796,LOW
3600,0.52,224.8,52,85.5,5.3,6142,0.8,LOW
3601,0.7,446.3,97,89.6,6.5,2119,0.995,LOW
3602,0.48,400.4,78,85.6,1.2,1752,0.974,LOW
3603,0.52,294.8,89,40.7,5.0,7146,0.888,LOW
3604,0.75,471.4,51,37.1,8.5,1652,0.967,LOW
3605,0.61,163.1,24,68.2,6.1,5317,0.619,MEDIUM
3606,0.16,606.2,12,60.2,9.5,8697,0.34,HIGH
3607,0.47,349.5,72,98.0,1.7,2955,0.96,LOW
3608,0.68,585.3,51,21.4,2.4,3844,0.982,LOW
3609,0.57,611.8,49,86.6,8.5,4979,0.979,LOW
3610,0.69,39.6,91,20.8,4.1,9238,0.777,LOW
3611,0.01,323.5,19,13.0,1.9,6648,0.041,HIGH
3612,0.05,427.3,18,58.3,3.2,3514,0.185,HIGH
3613,0.57,613.9,82,54.8,3.0,1374,0.993,LOW
3614,0.9,628.5,53,45.5,4.0,6576,0.997,LOW
3615,0.06,93.8,69,27.3,5.8,8023,0.043,HIGH
3616,0.87,1.7,26,94.0,8.7,2017,0.0,HIGH
3617,0.24,46.3,33,47.9,8.2,2539,0.052,HIGH
3618,0.52,123.0,54,38.3,7.4,8746,0.407,MEDIUM
3619,0.27,329.3,63,11.2,8.8,4559,0.291,HIGH
3620,0.6,450.9,87,69.8,5.2,1462,0.987,LOW
3621,0.4,503.1,71,23.3,4.7,9886,0.843,LOW
3622,0.46,438.8,52,20.8,7.7,6594,0.725,LOW
3623,0.37,441.1,62,10.2,7.9,7682,0.595,MEDIUM
3624,0.5,384.6,33,37.0,6.2,3682,0.716,LOW
3625,0.25,301.5,81,56.8,6.8,3981,0.598,MEDIUM
3626,0.29,380.5,39,22.6,2.8,5710,0.423,MEDIUM
3627,0.93,173.4,30,55.5,1.6,2028,0.96,LOW
3628,0.58,626.5,5,30.4,3.9,8512,0.893,LOW
3629,0.32,55.6,9,33.9,7.1,9479,0.03,HIGH
3630,0.04,449.1,55,11.3,8.5,9061,0.113,HIGH
3631,0.56,621.4,27,80.0,4.9,5696,0.969,LOW
3632,0.98,550.1,63,64.2,7.4,2244,0.998,LOW
3633,0.54,170.3,31,2.7,7.7,2889,0.265,HIGH
3634,0.49,568.9,65,1.9,4.0,2005,0.929,LOW
3635,0.66,245.0,15,77.9,5.3,7886,0.763,LOW
3636,0.73,571.4,26,3.2,1.2,2990,0.967,LOW
3637,0.7,422.8,83,50.6,6.6,5584,0.981,LOW
3638,0.27,165.0,74,86.7,1.9,7976,0.584,MEDIUM
3639,0.67,130.2,33,80.7,6.9,6996,0.726,LOW
3640,0.01,326.3,56,87.0,2.6,8168,0.294,HIGH
3641,0.11,154.5,11,53.8,3.4,5541,0.039,HIGH
3642,0.27,177.6,89,15.3,5.4,5041,0.332,HIGH
3643,0.04,320.3,68,51.8,6.9,2497,0.217,HIGH
3644,0.29,470.7,46,49.7,4.5,6989,0.674,MEDIUM
3645,0.06,520.3,50,53.3,9.2,1779,0.349,HIGH
3646,0.31,108.4,50,97.0,8.7,8159,0.275,HIGH
3647,0.92,75.2,17,53.9,7.6,3866,0.797,LOW
3648,0.32,448.8,33,13.0,9.9,3585,0.328,HIGH
3649,0.3,79.8,49,71.8,4.3,3020,0.266,HIGH
3650,0.59,154.6,93,57.9,8.9,5820,0.841,LOW
3651,0.23,467.5,57,90.8,5.2,6864,0.78,LOW
3652,0.95,572.1,92,67.4,8.0,6657,0.999,LOW
3653,0.42,63.5,5,2.5,4.9,5731,0.047,HIGH
3654,0.07,573.1,89,58.2,6.3,3101,0.778,LOW
3655,0.58,152.3,68,35.8,2.7,6490,0.762,LOW
3656,0.64,86.6,62,34.8,9.4,3937,0.585,MEDIUM
3657,0.38,629.5,77,31.4,1.8,2907,0.964,LOW
3658,0.07,587.7,25,35.2,9.4,4976,0.215,HIGH
3659,0.92,1.1,13,99.2,8.4,9179,0.0,HIGH
3660,0.34,125.1,12,77.2,4.1,3159,0.201,HIGH
3661,0.07,494.2,50,81.5,9.1,7035,0.398,HIGH
3662,0.76,467.2,87,88.9,7.9,7581,0.994,LOW
3663,0.75,188.2,62,96.1,6.0,755,0.964,LOW
3664,0.02,433.6,83,70.0,1.3,852,0.674,MEDIUM
3665,0.45,175.4,54,59.9,4.2,1394,0.632,MEDIUM
3666,0.58,260.6,4,48.9,6.7,9894,0.428,MEDIUM
3667,0.18,139.5,14,11.6,1.1,9798,0.031,HIGH
3668,0.14,351.3,7,41.9,9.3,4044,0.066,HIGH
3669,0.06,338.6,91,5.8,6.2,7203,0.211,HIGH
3670,0.31,337.0,94,47.1,2.2,6555,0.833,LOW
3671,0.12,178.6,92,41.3,2.5,1756,0.335,HIGH
3672,0.83,125.1,91,47.2,9.0,705,0.953,LOW
3673,0.9,3.7,24,94.0,7.5,3938,0.0,HIGH
3674,0.36,541.4,63,92.6,8.2,4627,0.928,LOW
3675,0.82,327.4,25,86.8,7.0,2760,0.961,LOW
3676,0.94,2.5,15,93.9,6.1,9028,0.0,HIGH
3677,0.24,607.6,36,70.5,6.7,3699,0.771,LOW
3678,0.5,623.5,89,83.3,8.9,5289,0.988,LOW
3679,0.86,2.1,38,90.1,3.9,7065,0.0,HIGH
3680,0.44,267.6,69,91.5,4.9,2704,0.873,LOW
3681,0.19,592.3,28,3.5,7.1,3490,0.34,HIGH
3682,0.44,415.2,88,30.9,8.7,4232,0.863,LOW
3683,0.27,538.5,75,89.8,2.3,5433,0.947,LOW
3684,0.43,334.1,41,82.2,5.2,505,0.796,LOW
3685,0.93,349.5,24,8.3,9.2,2569,0.92,LOW
3686,0.64,604.8,13,39.7,3.9,4240,0.95,LOW
3687,0.59,572.7,98,84.9,3.6,880,0.997,LOW
3688,0.89,578.7,65,16.1,5.7,2029,0.995,LOW
3689,0.94,331.2,48,8.6,9.2,4428,0.951,LOW
3690,0.28,439.7,8,46.0,9.0,1951,0.282,HIGH
3691,0.15,575.0,37,2.8,9.7,1410,0.267,HIGH
3692,0.46,451.8,76,64.4,5.8,6516,0.937,LOW
3693,0.6,243.4,42,70.7,5.4,2021,0.84,LOW
3694,0.95,3.3,43,93.3,2.2,5138,0.001,HIGH
3695,0.36,125.9,3,31.4,8.4,2687,0.056,HIGH
3696,0.08,191.1,84,17.3,4.9,9140,0.111,HIGH
3697,0.19,173.9,35,67.8,4.3,6995,0.147,HIGH
3698,0.16,73.7,16,2.6,8.5,543,0.011,HIGH
3699,0.03,106.6,23,3.0,9.5,2894,0.006,HIGH
3700,0.37,561.7,71,60.7,1.7,8851,0.951,LOW
3701,0.91,2.0,17,94.4,6.9,2144,0.0,HIGH
3702,0.92,432.9,97,56.6,6.5,4487,0.997,LOW
3703,0.41,165.5,17,11.4,6.5,8497,0.094,HIGH
3704,0.9,4.7,34,95.3,6.0,2064,0.0,HIGH
3705,0.18,504.0,20,57.4,7.1,9232,0.323,HIGH
3706,0.32,522.1,99,83.2,5.9,7371,0.959,LOW
3707,0.91,508.3,6,8.9,5.4,7193,0.954,LOW
3708,0.2,450.9,12,55.4,6.0,5529,0.269,HIGH
3709,0.88,575.9,64,97.8,5.1,5905,0.999,LOW
3710,0.31,452.0,69,96.2,4.0,5734,0.911,LOW
3711,0.69,151.4,39,39.3,5.2,9695,0.67,MEDIUM
3712,0.97,5.0,45,94.4,1.8,8494,0.001,HIGH
3713,0.22,567.7,25,4.0,7.2,5996,0.306,HIGH
3714,0.99,599.9,80,43.9,3.0,8416,0.999,LOW
3715,0.13,510.2,1,54.9,6.3,3409,0.21,HIGH
3716,0.59,122.9,5,8.0,2.1,8888,0.219,HIGH
3717,0.6,603.0,49,70.0,3.3,4130,0.986,LOW
3718,0.64,32.9,11,33.1,8.2,3465,0.203,HIGH
3719,0.65,418.3,98,3.3,5.6,9047,0.957,LOW
3720,0.95,586.3,12,78.4,8.6,8600,0.992,LOW
3721,0.64,496.4,10,91.6,1.9,1640,0.969,LOW
3722,0.34,195.0,52,24.9,5.9,847,0.296,HIGH
3723,0.13,573.8,28,62.2,8.9,9623,0.37,HIGH
3724,0.93,406.3,53,9.5,8.5,2032,0.976,LOW
3725,0.27,73.0,34,19.4,5.7,2609,0.058,HIGH
3726,0.11,189.6,2,48.9,1.6,1510,0.051,HIGH
3727,0.49,388.4,27,52.3,9.4,2152,0.663,MEDIUM
3728,0.03,594.3,24,27.0,7.5,3868,0.194,HIGH
3729,0.13,246.2,62,36.6,8.2,1247,0.152,HIGH
3730,0.23,339.1,80,83.3,5.1,5929,0.735,LOW
3731,0.04,65.9,29,21.4,7.1,7763,0.008,HIGH
3732,0.96,366.7,29,2.2,4.3,4941,0.96,LOW
3733,0.78,508.0,1,65.3,2.8,6522,0.967,LOW
3734,0.11,296.4,73,1.1,8.7,2549,0.125,HIGH
3735,0.15,200.6,87,75.8,6.0,3010,0.421,MEDIUM
3736,0.8,199.0,60,15.1,5.7,1000,0.896,LOW
3737,0.41,455.9,79,92.4,1.8,1757,0.973,LOW
3738,0.8,558.2,13,86.2,4.9,8920,0.985,LOW
3739,0.57,605.7,52,19.9,9.5,5591,0.924,LOW
3740,0.53,312.6,0,81.9,6.5,6364,0.58,MEDIUM
3741,0.34,589.8,50,79.4,3.7,4430,0.935,LOW
3742,0.33,53.5,2,51.8,5.9,1243,0.059,HIGH
3743,0.69,341.4,13,60.6,5.8,6936,0.835,LOW
3744,0.9,289.9,92,14.3,3.8,7513,0.985,LOW
3745,0.19,255.1,41,29.9,9.1,8329,0.085,HIGH
3746,0.29,462.7,40,31.8,7.0,9038,0.452,MEDIUM
3747,0.55,458.9,13,23.4,2.2,8156,0.755,LOW
3748,0.24,627.5,53,4.8,10.0,2695,0.591,MEDIUM
3749,0.18,104.2,83,22.8,2.8,5767,0.179,HIGH
3750,0.63,411.5,27,3.3,5.5,4344,0.759,LOW
3751,0.38,121.4,61,19.4,1.1,8766,0.319,HIGH
3752,0.88,602.0,52,56.8,3.4,5374,0.997,LOW
3753,0.08,343.7,71,96.6,9.7,799,0.439,MEDIUM
3754,0.88,320.5,53,18.7,1.5,1801,0.978,LOW
3755,0.97,420.9,99,87.0,7.5,8166,0.999,LOW
3756,0.9,4.9,36,93.6,8.6,4608,0.0,HIGH
3757,0.18,452.9,84,23.0,3.8,2284,0.67,MEDIUM
3758,0.86,322.6,98,28.6,4.8,5398,0.99,LOW
3759,0.61,406.1,57,39.9,1.3,1688,0.955,LOW
3760,0.43,455.1,76,45.5,7.2,6268,0.882,LOW
3761,0.09,325.3,49,38.4,3.0,887,0.228,HIGH
3762,0.82,167.5,98,45.7,2.7,1810,0.983,LOW
3763,0.21,266.6,31,22.0,9.7,1676,0.084,HIGH
3764,0.22,353.5,72,9.4,7.7,6745,0.306,HIGH
3765,0.29,402.3,77,60.2,8.8,8407,0.694,MEDIUM
3766,0.73,606.9,68,15.5,1.7,5849,0.991,LOW
3767,0.73,245.2,60,48.1,4.7,948,0.938,LOW
3768,0.98,58.7,10,14.3,1.0,1214,0.831,LOW
3769,0.28,503.1,74,46.3,7.1,5751,0.792,LOW
3770,0.08,520.9,44,23.1,6.8,1304,0.288,HIGH
3771,0.19,474.3,85,62.6,2.4,2287,0.864,LOW
3772,0.15,145.5,68,75.4,9.3,8079,0.144,HIGH
3773,0.9,2.9,17,98.8,9.7,4191,0.0,HIGH
3774,0.73,583.5,70,88.3,1.1,1391,0.998,LOW
3775,0.75,362.8,93,67.4,4.1,6532,0.991,LOW
3776,0.14,208.2,64,0.0,1.1,1475,0.155,HIGH
3777,0.61,302.9,17,40.0,7.7,2628,0.646,MEDIUM
3778,0.25,313.0,83,66.1,5.8,3642,0.684,MEDIUM
3779,0.04,164.5,62,48.8,5.0,8731,0.07,HIGH
3780,0.68,316.0,95,91.5,8.3,6257,0.981,LOW
3781,0.67,311.3,18,14.5,3.4,5258,0.718,LOW
3782,0.18,63.1,7,89.4,2.5,1451,0.072,HIGH
3783,0.28,520.4,46,9.1,4.7,3298,0.589,MEDIUM
3784,0.78,458.5,42,61.1,2.1,9731,0.984,LOW
3785,0.14,164.9,96,40.1,5.4,9013,0.235,HIGH
3786,0.6,208.4,62,22.8,9.3,8953,0.61,MEDIUM
3787,0.9,236.1,98,49.3,8.5,2963,0.987,LOW
3788,0.03,530.3,72,36.1,5.2,7154,0.448,MEDIUM
3789,0.14,397.8,81,53.5,2.1,1164,0.703,LOW
3790,0.67,426.6,1,27.8,1.0,9856,0.823,LOW
3791,0.6,51.1,58,70.9,5.2,2755,0.703,LOW
3792,0.37,33.2,66,64.4,4.1,2672,0.377,HIGH
3793,0.62,470.1,70,93.6,7.0,5827,0.984,LOW
3794,0.65,244.6,4,48.4,7.2,635,0.604,MEDIUM
3795,0.93,582.6,34,93.5,6.6,8674,0.997,LOW
3796,0.59,223.8,43,23.0,4.5,6751,0.64,MEDIUM
3797,0.34,81.1,55,52.7,2.1,5072,0.321,HIGH
3798,0.26,154.8,36,36.7,4.3,708,0.154,HIGH
3799,0.34,558.2,37,15.9,7.0,3754,0.642,MEDIUM
3800,0.27,436.5,73,11.4,3.8,1012,0.682,MEDIUM
3801,0.13,171.2,27,81.5,9.3,5194,0.066,HIGH
3802,0.57,276.2,40,15.6,9.7,6174,0.493,MEDIUM
3803,0.75,64.9,3,89.3,4.0,1320,0.726,LOW
3804,0.08,146.8,11,88.9,8.3,4021,0.035,HIGH
3805,0.17,516.6,7,4.0,5.7,4314,0.151,HIGH
3806,0.56,591.4,50,36.6,5.9,985,0.962,LOW
3807,0.73,85.1,28,86.7,4.3,7287,0.786,LOW
3808,0.92,378.4,94,5.4,7.0,6239,0.989,LOW
3809,0.15,365.2,28,36.5,9.5,6890,0.106,HIGH
3810,0.36,458.7,93,55.1,3.8,5537,0.934,LOW
3811,0.69,496.7,42,48.1,8.4,7724,0.945,LOW
3812,0.75,559.5,95,88.0,7.2,6922,0.998,LOW
3813,0.31,178.6,47,81.3,9.1,2447,0.327,HIGH
3814,0.23,147.4,24,71.1,4.4,7014,0.124,HIGH
3815,0.06,217.3,32,89.6,7.9,2222,0.1,HIGH
3816,0.05,120.6,51,91.3,9.8,5119,0.064,HIGH
3817,0.47,349.6,47,56.6,9.4,1737,0.714,LOW
3818,0.42,113.6,34,23.6,9.3,894,0.145,HIGH
3819,0.06,366.3,41,33.8,2.3,9432,0.154,HIGH
3820,0.92,3.4,25,92.1,4.3,6474,0.0,HIGH
3821,0.46,416.3,37,49.1,1.9,8292,0.809,LOW
3822,0.98,520.9,3,10.7,8.8,2514,0.966,LOW
3823,0.02,308.6,62,57.3,10.0,3981,0.124,HIGH
3824,0.15,271.7,12,70.5,2.9,886,0.172,HIGH
3825,0.21,199.9,98,88.6,2.1,7053,0.716,LOW
3826,0.85,345.2,67,97.5,9.5,3953,0.99,LOW
3827,0.63,232.7,70,43.8,4.8,4325,0.885,LOW
3828,1.0,3.9,34,99.4,6.1,6100,0.001,HIGH
3829,0.26,545.8,48,38.0,4.7,6329,0.703,LOW
3830,0.67,246.0,99,15.1,2.9,3991,0.949,LOW
3831,0.59,595.4,35,88.4,2.9,8787,0.981,LOW
3832,0.85,377.3,40,59.1,3.7,7060,0.979,LOW
3833,0.51,222.1,12,20.6,3.6,5798,0.317,HIGH
3834,0.04,253.0,0,61.5,8.3,1558,0.027,HIGH
3835,0.93,612.0,32,60.4,4.3,4116,0.997,LOW
3836,0.62,402.3,38,92.4,8.9,864,0.94,LOW
3837,0.5,199.6,67,16.4,1.2,8574,0.653,MEDIUM
3838,0.68,576.2,72,1.2,5.9,1838,0.979,LOW
3839,0.52,265.7,1,11.2,8.7,7569,0.179,HIGH
3840,0.88,135.5,25,40.9,9.4,9972,0.732,LOW
3841,0.56,523.4,98,89.6,5.2,6402,0.993,LOW
3842,0.82,508.1,64,32.3,7.9,7438,0.985,LOW
3843,0.98,171.5,14,90.4,7.8,4710,0.947,LOW
3844,0.12,570.7,64,25.5,3.6,7464,0.604,MEDIUM
3845,0.13,329.3,27,20.7,6.6,5339,0.081,HIGH
3846,0.28,377.0,71,3.7,4.3,2367,0.531,MEDIUM
3847,0.65,196.5,84,53.4,5.2,4337,0.922,LOW
3848,0.45,339.1,73,37.8,1.4,8634,0.855,LOW
3849,0.47,513.0,83,23.0,3.2,727,0.959,LOW
3850,0.2,555.4,3,43.5,9.3,2320,0.267,HIGH
3851,0.31,311.4,57,93.5,5.8,7759,0.677,MEDIUM
3852,0.61,288.8,84,20.6,7.7,2326,0.881,LOW
3853,0.89,477.9,92,67.2,4.4,9598,0.998,LOW
3854,0.19,504.8,77,48.8,9.4,1738,0.69,MEDIUM
3855,0.85,297.6,23,48.9,5.2,636,0.94,LOW
3856,0.64,580.5,95,17.7,8.3,556,0.987,LOW
3857,0.28,179.2,57,11.6,5.9,5446,0.162,HIGH
3858,0.47,624.0,93,50.5,4.1,3734,0.988,LOW
3859,0.76,343.4,77,98.6,7.7,4089,0.989,LOW
3860,0.54,150.8,95,5.4,8.6,8099,0.595,MEDIUM
3861,0.56,418.8,37,57.2,4.4,7831,0.878,LOW
3862,0.98,2.9,43,97.7,6.8,7755,0.001,HIGH
3863,0.87,617.9,26,81.9,1.3,757,0.998,LOW
3864,0.52,88.2,91,38.1,1.4,7486,0.758,LOW
3865,0.19,257.9,61,6.8,5.0,6622,0.154,HIGH
3866,0.67,324.7,96,44.7,4.0,787,0.98,LOW
3867,0.99,193.2,28,23.4,8.9,6623,0.883,LOW
3868,0.49,362.1,52,41.8,9.9,9042,0.666,MEDIUM
3869,0.61,144.5,0,74.8,3.3,2835,0.541,MEDIUM
3870,0.92,462.3,59,38.8,4.1,6716,0.993,LOW
3871,0.12,420.1,63,48.4,4.7,5382,0.443,MEDIUM
3872,0.78,62.1,53,90.8,3.2,3174,0.927,LOW
3873,0.8,165.6,12,50.1,8.2,5297,0.697,MEDIUM
3874,0.22,587.9,34,4.5,9.9,4747,0.349,HIGH
3875,0.72,227.4,47,63.3,5.2,6441,0.895,LOW
3876,0.76,34.6,72,74.0,6.4,6452,0.876,LOW
3877,0.48,499.7,7,54.8,8.6,7253,0.669,MEDIUM
3878,0.29,412.7,39,93.0,7.4,8664,0.636,MEDIUM
3879,0.26,406.4,85,50.3,4.5,6387,0.774,LOW
3880,0.66,150.1,15,75.6,9.2,4725,0.56,MEDIUM
3881,0.95,160.2,52,27.7,3.5,2436,0.958,LOW
3882,0.2,155.9,0,44.0,4.4,8275,0.035,HIGH
3883,0.5,110.8,8,56.6,4.3,7084,0.244,HIGH
3884,0.41,274.6,6,16.8,6.3,7847,0.154,HIGH
3885,0.31,132.4,56,57.0,3.0,8753,0.304,HIGH
3886,0.79,121.1,94,70.6,4.4,4210,0.974,LOW
3887,0.71,50.0,26,61.1,4.6,4668,0.63,MEDIUM
3888,0.77,379.7,6,60.9,5.6,5747,0.907,LOW
3889,0.71,154.2,32,29.7,1.3,1731,0.784,LOW
3890,0.01,209.4,38,51.3,4.8,7018,0.047,HIGH
3891,0.9,257.6,37,13.2,3.4,2009,0.939,LOW
3892,0.19,316.9,39,16.6,7.5,2256,0.135,HIGH
3893,0.05,349.8,26,62.8,2.4,2408,0.18,HIGH
3894,0.02,423.6,98,64.9,8.3,504,0.565,MEDIUM
3895,0.46,575.2,7,28.1,8.7,1753,0.678,MEDIUM
3896,0.4,231.6,68,12.4,6.3,8135,0.403,MEDIUM
3897,0.9,606.1,0,69.2,3.0,7513,0.991,LOW
3898,0.9,1.5,15,94.7,4.2,5087,0.0,HIGH
3899,0.96,83.0,60,7.9,3.3,5812,0.921,LOW
3900,0.6,472.8,4,55.3,7.0,2359,0.824,LOW
3901,0.21,613.5,65,83.9,8.8,7989,0.847,LOW
3902,0.82,441.7,46,50.1,8.5,8594,0.97,LOW
3903,0.87,471.3,95,6.2,8.2,7458,0.991,LOW
3904,0.97,517.9,2,66.2,1.9,7508,0.991,LOW
3905,0.26,548.4,56,73.8,9.9,5791,0.765,LOW
3906,0.84,267.5,63,9.1,8.6,753,0.925,LOW
3907,0.2,274.3,2,16.8,6.5,719,0.053,HIGH
3908,0.38,189.4,45,36.9,9.7,3682,0.242,HIGH
3909,0.11,495.4,81,59.0,3.5,8178,0.716,LOW
3910,0.7,105.5,40,62.0,7.0,522,0.749,LOW
3911,0.99,3.3,31,91.5,9.5,7076,0.0,HIGH
3912,0.87,230.0,79,18.9,2.2,882,0.979,LOW
3913,0.99,468.1,57,37.6,3.7,920,0.996,LOW
3914,0.04,155.6,4,51.4,9.1,7475,0.01,HIGH
3915,0.64,231.1,86,94.1,5.9,1328,0.971,LOW
3916,0.27,145.6,56,53.2,3.7,1155,0.317,HIGH
3917,0.7,68.9,21,17.5,3.3,738,0.492,MEDIUM
3918,0.3,84.0,29,86.2,6.8,4541,0.166,HIGH
3919,0.27,494.1,96,85.7,7.9,4598,0.926,LOW
3920,0.9,194.0,12,4.0,7.3,6427,0.698,MEDIUM
3921,0.7,343.8,30,46.5,3.0,4493,0.911,LOW
3922,0.94,518.7,51,53.2,8.8,8495,0.992,LOW
3923,0.45,458.8,7,64.8,7.4,9377,0.609,MEDIUM
3924,0.5,200.8,96,86.6,8.8,3990,0.892,LOW
3925,0.91,96.8,77,95.6,7.4,6230,0.978,LOW
3926,0.56,338.8,7,61.2,9.4,882,0.616,MEDIUM
3927,0.82,243.9,7,3.3,7.9,2507,0.652,MEDIUM
3928,0.51,542.3,41,39.6,4.5,8990,0.902,LOW
3929,0.25,249.9,53,55.4,4.3,3248,0.377,HIGH
3930,0.22,266.6,0,20.8,9.9,2476,0.037,HIGH
3931,0.88,4.4,40,99.0,4.3,7730,0.001,HIGH
3932,0.32,156.6,71,50.4,9.6,5931,0.292,HIGH
3933,0.13,61.8,94,13.7,7.7,3271,0.082,HIGH
3934,0.5,350.1,32,92.9,1.9,3006,0.896,LOW
3935,0.95,59.3,77,68.9,5.0,2759,0.977,LOW
3936,0.11,141.5,12,55.5,2.6,4715,0.044,HIGH
3937,0.9,224.6,53,52.2,6.9,8502,0.953,LOW
3938,0.49,79.1,95,44.3,4.9,4629,0.702,LOW
3939,0.72,543.1,27,54.6,4.1,3063,0.976,LOW
3940,0.01,153.0,92,91.6,5.0,6464,0.252,HIGH
3941,0.97,3.1,47,97.5,8.9,860,0.001,HIGH
3942,0.38,413.2,85,90.1,4.4,9133,0.935,LOW
3943,0.92,244.9,90,48.7,2.1,7762,0.992,LOW
3944,0.12,545.1,16,43.7,5.8,3364,0.293,HIGH
3945,0.95,249.5,98,47.3,8.8,2331,0.991,LOW
3946,0.2,38.6,35,57.8,4.4,3321,0.068,HIGH
3947,0.92,307.8,58,92.5,5.7,7607,0.991,LOW
3948,0.65,196.0,44,6.0,8.3,4286,0.544,MEDIUM
3949,0.21,287.1,22,8.5,4.2,3701,0.097,HIGH
3950,0.38,450.7,18,52.3,2.9,2531,0.697,MEDIUM
3951,0.14,524.2,55,43.3,1.4,5550,0.642,MEDIUM
3952,0.62,241.3,18,66.5,4.4,7695,0.714,LOW
3953,0.43,562.2,25,6.1,9.0,5397,0.604,MEDIUM
3954,0.83,35.4,35,78.7,6.1,7845,0.809,LOW
3955,0.58,606.5,78,40.2,1.4,9269,0.988,LOW
3956,0.39,81.7,68,86.3,3.3,3454,0.607,MEDIUM
3957,0.1,256.7,54,55.0,10.0,9837,0.094,HIGH
3958,0.1,528.2,2,97.8,3.1,1674,0.458,MEDIUM
3959,0.11,183.5,31,7.0,2.9,6972,0.037,HIGH
3960,0.44,361.8,86,19.8,5.4,4220,0.829,LOW
3961,0.63,252.1,43,5.6,2.2,8545,0.701,LOW
3962,0.16,128.6,96,80.9,1.9,5830,0.502,MEDIUM
3963,0.41,538.9,38,19.5,9.7,4020,0.66,MEDIUM
3964,0.83,267.7,95,98.8,10.0,6341,0.99,LOW
3965,0.57,100.3,86,17.4,3.9,4076,0.72,LOW
3966,0.83,543.0,43,18.2,1.9,4888,0.987,LOW
3967,0.53,298.0,6,4.9,1.7,2419,0.434,MEDIUM
3968,0.23,145.7,33,30.6,8.6,7760,0.049,HIGH
3969,0.61,260.3,62,88.1,7.1,8567,0.903,LOW
3970,0.22,372.6,8,20.3,5.9,6307,0.108,HIGH
3971,0.92,620.8,34,70.5,5.7,7319,0.996,LOW
3972,0.2,356.5,76,76.3,6.1,8173,0.615,MEDIUM
3973,0.86,444.5,39,61.0,3.6,724,0.99,LOW
3974,0.05,232.5,58,75.3,8.6,9651,0.106,HIGH
3975,0.64,446.8,71,46.0,4.0,990,0.977,LOW
3976,0.76,246.9,73,75.9,9.9,1440,0.961,LOW
3977,0.78,612.2,13,29.3,3.0,5394,0.977,LOW
3978,0.57,443.8,31,29.5,4.1,3472,0.852,LOW
3979,0.01,343.3,47,81.0,7.6,6524,0.162,HIGH
3980,0.74,33.2,69,82.8,4.9,5360,0.896,LOW
3981,0.21,99.5,72,57.4,1.0,9437,0.267,HIGH
3982,0.33,553.2,7,81.5,6.1,9261,0.672,MEDIUM
3983,0.11,214.1,9,9.9,3.8,8646,0.021,HIGH
3984,0.42,240.7,98,27.0,1.9,9640,0.791,LOW
3985,0.36,446.0,64,81.6,7.1,5766,0.866,LOW
3986,0.84,252.9,38,78.1,4.6,8339,0.958,LOW
3987,0.01,433.7,21,80.4,6.3,1124,0.19,HIGH
3988,0.12,99.5,17,1.4,4.9,3710,0.013,HIGH
3989,0.43,612.0,98,71.5,7.0,884,0.987,LOW
3990,0.21,507.0,81,33.6,2.9,3862,0.806,LOW
3991,0.92,125.8,26,68.5,2.0,9509,0.931,LOW
3992,0.88,580.1,3,12.9,4.9,9492,0.96,LOW
3993,0.72,482.2,45,3.0,6.4,3848,0.935,LOW
3994,0.18,317.0,93,77.3,5.0,8545,0.667,MEDIUM
3995,0.47,128.4,73,34.2,9.0,3972,0.459,MEDIUM
3996,0.03,160.3,59,38.2,8.5,2020,0.048,HIGH
3997,0.79,196.3,70,30.2,7.2,5894,0.906,LOW
3998,0.24,350.7,12,41.7,9.4,9258,0.111,HIGH
3999,0.3,335.5,70,86.3,4.4,4047,0.798,LOW
4000,0.66,84.8,96,8.7,8.4,5048,0.725,LOW
4001,0.38,595.4,13,74.4,4.1,7608,0.837,LOW
4002,0.66,555.6,27,63.1,2.2,1010,0.98,LOW
4003,0.02,442.8,24,42.9,7.3,4000,0.108,HIGH
4004,0.07,239.4,74,90.2,3.7,7258,0.353,HIGH
4005,0.8,260.3,58,46.9,8.4,1023,0.943,LOW
4006,0.91,611.0,43,97.7,3.5,6465,0.999,LOW
4007,0.06,542.1,59,3.6,10.0,2506,0.225,HIGH
4008,0.93,250.6,89,38.4,4.7,9101,0.988,LOW
4009,0.65,56.3,33,21.2,9.0,7429,0.275,HIGH
4010,0.29,237.0,56,34.7,2.2,1960,0.43,MEDIUM
4011,0.8,157.1,91,12.0,7.1,2869,0.926,LOW
4012,0.1,261.2,9,78.1,2.2,5689,0.109,HIGH
4013,0.48,610.9,10,86.2,6.9,4492,0.912,LOW
4014,0.65,266.3,53,24.0,2.1,1833,0.874,LOW
4015,0.6,367.5,57,8.0,1.4,2557,0.895,LOW
4016,0.48,340.0,64,43.3,1.3,4369,0.88,LOW
4017,0.34,298.8,57,35.6,7.5,1655,0.479,MEDIUM
4018,0.1,593.9,7,97.0,6.4,8875,0.421,MEDIUM
4019,0.86,112.5,6,70.5,2.9,3804,0.846,LOW
4020,0.8,423.2,2,6.4,2.7,4757,0.881,LOW
4021,0.35,338.5,16,13.4,5.1,3266,0.237,HIGH
4022,0.08,255.9,88,89.6,4.2,8158,0.466,MEDIUM
4023,0.32,452.2,47,23.4,9.0,9600,0.433,MEDIUM
4024,0.48,271.0,31,40.9,2.9,1496,0.621,MEDIUM
4025,0.7,262.2,93,98.9,9.2,3611,0.98,LOW
4026,0.41,345.5,45,78.5,7.8,6814,0.693,MEDIUM
4027,0.03,174.7,28,82.8,2.7,7758,0.069,HIGH
4028,0.46,421.4,3,20.2,8.0,9140,0.334,HIGH
4029,0.77,439.0,66,50.3,3.4,4031,0.988,LOW
4030,0.92,248.4,80,48.0,7.7,1236,0.985,LOW
4031,0.65,53.7,37,89.7,8.5,9876,0.581,MEDIUM
4032,0.06,52.1,34,27.1,6.9,2555,0.014,HIGH
4033,0.38,412.7,81,88.6,1.7,1408,0.959,LOW
4034,0.6,588.7,86,82.3,5.4,3495,0.995,LOW
4035,1.0,329.3,7,77.2,5.3,6532,0.976,LOW
4036,0.93,2.2,38,99.7,4.0,847,0.001,HIGH
4037,0.05,331.5,27,45.4,7.0,6805,0.067,HIGH
4038,0.08,510.9,89,68.2,4.1,9557,0.75,LOW
4039,0.83,194.6,82,46.5,4.6,898,0.975,LOW
4040,0.23,225.0,1,60.1,4.8,8711,0.083,HIGH
4041,0.98,315.4,20,36.1,2.2,6674,0.97,LOW
4042,0.98,448.2,53,34.9,4.9,2412,0.994,LOW
4043,0.47,433.5,6,72.4,7.4,1239,0.697,MEDIUM
4044,0.16,188.7,27,56.8,5.6,9801,0.072,HIGH
4045,0.66,558.3,61,91.9,7.4,1372,0.991,LOW
4046,0.22,247.3,78,22.9,1.4,5315,0.42,MEDIUM
4047,0.27,260.6,90,14.2,3.8,2499,0.534,MEDIUM
4048,0.75,201.2,37,42.8,8.3,4280,0.784,LOW
4049,0.72,460.1,46,33.0,9.8,8498,0.922,LOW
4050,0.47,212.8,34,10.9,4.8,2294,0.354,HIGH
4051,0.77,462.9,16,78.2,2.4,536,0.982,LOW
4052,0.34,576.4,78,79.4,2.6,2724,0.972,LOW
4053,0.87,1.5,36,92.7,1.2,4702,0.001,HIGH
4054,0.98,325.4,1,40.7,6.8,1009,0.945,LOW
4055,0.24,324.6,92,81.3,6.6,7748,0.743,LOW
4056,0.57,290.1,24,44.6,4.4,6167,0.679,MEDIUM
4057,0.02,288.9,14,15.8,1.2,2206,0.042,HIGH
4058,0.89,82.4,56,6.1,6.1,2320,0.841,LOW
4059,0.56,202.8,60,74.6,1.6,6766,0.871,LOW
4060,0.69,262.5,36,80.6,9.3,4009,0.868,LOW
4061,0.73,614.5,7,18.7,3.8,9741,0.943,LOW
4062,0.23,366.7,50,16.5,4.6,4389,0.333,HIGH
4063,0.46,51.5,64,2.6,1.5,5892,0.315,HIGH
4064,0.88,1.5,20,97.9,1.5,6514,0.0,HIGH
4065,0.98,360.9,20,38.8,4.9,9173,0.968,LOW
4066,0.72,499.7,51,91.1,2.6,8390,0.991,LOW
4067,0.83,143.6,12,21.1,4.3,4116,0.693,MEDIUM
4068,0.09,581.6,39,66.8,9.6,2628,0.465,MEDIUM
4069,0.29,378.2,62,16.6,2.3,6362,0.556,MEDIUM
4070,0.68,314.6,85,70.8,1.3,6253,0.984,LOW
4071,0.68,117.9,62,93.5,2.8,8563,0.917,LOW
4072,0.94,73.7,40,77.4,2.3,3233,0.96,LOW
4073,0.13,596.9,57,40.0,8.9,3342,0.568,MEDIUM
4074,0.11,401.9,48,5.7,2.5,7683,0.195,HIGH
4075,0.96,555.3,27,73.5,2.2,6276,0.997,LOW
4076,0.41,476.5,80,44.5,9.6,4155,0.872,LOW
4077,0.36,307.1,19,49.0,5.7,1524,0.365,HIGH
4078,0.84,193.0,93,83.6,8.1,6715,0.983,LOW
4079,0.97,1.9,34,96.6,6.9,5872,0.001,HIGH
4080,0.85,343.0,81,73.0,3.1,9959,0.993,LOW
4081,0.84,629.6,76,50.4,8.2,1938,0.997,LOW
4082,0.7,128.8,31,83.6,6.0,6263,0.78,LOW
4083,0.14,358.8,0,42.7,3.8,5612,0.094,HIGH
4084,0.67,170.0,3,48.4,2.6,1438,0.616,MEDIUM
4085,0.68,410.9,62,81.4,3.4,9887,0.98,LOW
4086,0.11,396.2,58,96.8,7.7,3758,0.503,MEDIUM
4087,0.26,570.7,0,85.6,7.8,7692,0.525,MEDIUM
4088,0.76,109.3,16,99.6,8.6,9888,0.72,LOW
4089,0.83,608.7,95,81.0,7.6,1159,0.999,LOW
4090,0.16,424.5,37,45.4,8.9,3061,0.249,HIGH
4091,0.06,230.8,74,47.6,9.6,1110,0.132,HIGH
4092,0.82,376.2,26,68.7,7.7,4400,0.957,LOW
4093,0.56,396.5,71,29.3,5.9,8012,0.895,LOW
4094,0.86,146.9,45,70.6,3.3,5603,0.949,LOW
4095,0.14,500.4,67,19.1,6.5,1082,0.503,MEDIUM
4096,0.55,251.3,85,58.9,9.6,3150,0.866,LOW
4097,0.09,357.6,12,24.9,8.8,5714,0.042,HIGH
4098,0.16,176.4,43,78.6,7.6,1224,0.162,HIGH
4099,0.49,196.3,33,78.0,2.7,4251,0.679,MEDIUM
4100,0.39,435.6,84,9.6,9.4,9942,0.698,MEDIUM
4101,0.73,215.0,2,86.7,4.2,6490,0.807,LOW
4102,0.15,130.5,6,11.4,4.9,8333,0.014,HIGH
4103,0.27,363.7,32,4.6,6.7,6731,0.175,HIGH
4104,0.07,36.4,95,54.8,9.0,4940,0.083,HIGH
4105,0.5,40.6,61,57.2,8.4,4341,0.403,MEDIUM
4106,0.78,442.5,83,32.0,1.9,5199,0.992,LOW
4107,0.93,512.7,57,27.0,7.0,2984,0.993,LOW
4108,0.33,375.4,91,41.4,1.2,9095,0.854,LOW
4109,0.1,331.3,24,39.6,4.1,1925,0.123,HIGH
4110,0.05,188.4,52,71.0,4.6,6227,0.115,HIGH
4111,0.97,388.4,63,12.7,9.1,6363,0.982,LOW
4112,0.28,329.5,31,7.5,2.9,9630,0.203,HIGH
4113,0.94,612.5,25,62.0,7.1,4688,0.995,LOW
4114,0.88,1.6,35,97.4,4.6,5134,0.0,HIGH
4115,0.42,347.7,13,79.2,4.3,9217,0.579,MEDIUM
4116,0.12,520.4,63,19.0,2.5,9668,0.496,MEDIUM
4117,0.96,262.6,69,96.4,3.9,6801,0.995,LOW
4118,0.4,222.9,91,0.1,6.7,7259,0.494,MEDIUM
4119,0.9,199.3,90,13.9,3.1,4709,0.978,LOW
4120,0.18,317.4,11,37.9,8.4,7922,0.067,HIGH
4121,0.88,159.1,28,2.1,9.9,9596,0.621,MEDIUM
4122,0.65,492.8,40,4.2,6.8,6206,0.875,LOW
4123,0.37,351.6,78,85.5,9.3,8220,0.807,LOW
4124,0.19,436.8,95,41.4,3.2,7771,0.758,LOW
4125,0.95,620.2,87,98.9,8.4,5537,1.0,LOW
4126,0.41,206.0,86,97.9,3.2,3507,0.892,LOW
4127,0.59,173.9,63,11.5,8.5,6761,0.539,MEDIUM
4128,0.46,258.0,51,78.6,6.0,4377,0.74,LOW
4129,0.09,80.6,32,71.4,6.9,7722,0.033,HIGH
4130,0.29,608.3,82,9.6,3.6,7981,0.869,LOW
4131,0.92,530.6,12,6.6,1.3,7802,0.977,LOW
4132,0.0,108.3,8,63.4,1.2,6915,0.02,HIGH
4133,0.44,459.6,91,14.6,1.1,8611,0.929,LOW
4134,0.99,122.9,13,77.0,2.5,772,0.957,LOW
4135,0.88,128.3,9,34.5,6.3,7559,0.701,LOW
4136,0.92,91.0,26,66.7,9.3,5549,0.84,LOW
4137,0.06,218.2,68,23.0,1.8,8380,0.116,HIGH
4138,0.12,596.2,82,23.0,5.3,8014,0.687,MEDIUM
4139,0.86,432.8,93,90.0,4.8,8797,0.998,LOW
4140,0.88,194.0,22,44.4,7.1,1608,0.878,LOW
4141,0.8,430.7,88,80.4,3.9,3774,0.997,LOW
4142,0.41,219.6,74,59.4,5.1,2429,0.729,LOW
4143,0.23,287.7,52,70.5,1.1,1807,0.572,MEDIUM
4144,0.59,427.1,69,6.0,5.3,7570,0.893,LOW
4145,0.55,230.6,70,38.6,2.8,7507,0.82,LOW
4146,0.75,591.6,46,1.8,9.6,9599,0.948,LOW
4147,0.66,121.4,67,86.7,1.2,6580,0.927,LOW
4148,0.11,603.0,37,63.6,5.7,2435,0.611,MEDIUM
4149,0.43,173.4,84,63.7,4.8,3082,0.764,LOW
4150,0.2,554.2,47,79.3,3.5,3990,0.814,LOW
4151,0.0,404.5,35,68.3,9.4,4304,0.12,HIGH
4152,0.14,258.8,14,78.3,5.1,3104,0.13,HIGH
4153,0.35,173.5,52,13.1,6.8,1367,0.213,HIGH
4154,0.58,191.9,86,16.2,7.9,3222,0.759,LOW
4155,0.78,383.3,14,5.8,1.6,515,0.902,LOW
4156,0.83,591.3,54,83.3,5.7,9534,0.996,LOW
4157,0.69,71.5,74,39.6,7.0,8290,0.743,LOW
4158,0.62,584.4,64,43.6,9.9,752,0.975,LOW
4159,0.86,467.5,87,70.9,1.0,8075,0.998,LOW
4160,0.67,39.0,18,83.9,1.3,4611,0.67,MEDIUM
4161,0.7,444.3,19,95.1,3.0,1881,0.975,LOW
4162,0.09,261.0,85,57.3,3.2,5466,0.385,HIGH
4163,0.68,550.2,80,76.3,2.2,5077,0.996,LOW
4164,0.86,557.1,82,65.3,8.6,7189,0.997,LOW
4165,0.99,2.5,25,99.5,7.6,2972,0.001,HIGH
4166,0.91,452.0,60,43.1,3.3,3983,0.994,LOW
4167,0.9,432.3,44,94.3,8.5,6577,0.991,LOW
4168,0.97,118.7,80,37.0,6.0,8619,0.967,LOW
4169,0.91,299.3,92,95.8,2.0,913,0.998,LOW
4170,0.76,190.9,23,97.8,1.8,4047,0.936,LOW
4171,0.96,435.3,43,99.0,2.8,9533,0.997,LOW
4172,0.33,496.2,16,91.7,2.3,6865,0.786,LOW
4173,0.07,496.8,48,7.0,1.4,6491,0.288,HIGH
4174,1.0,338.4,10,60.5,4.2,1936,0.98,LOW
4175,0.32,107.7,34,62.5,9.9,8657,0.103,HIGH
4176,0.78,124.2,36,40.6,6.6,9168,0.715,LOW
4177,0.45,623.4,98,78.5,1.7,5610,0.994,LOW
4178,0.13,398.7,21,56.6,7.0,3628,0.182,HIGH
4179,0.81,413.8,59,40.1,7.0,8498,0.972,LOW
4180,0.94,150.8,96,88.6,6.2,8293,0.991,LOW
4181,0.23,411.6,21,38.7,6.3,9754,0.218,HIGH
4182,0.17,391.8,35,18.1,7.1,7031,0.147,HIGH
4183,0.86,491.3,13,58.3,7.7,7636,0.968,LOW
4184,0.96,475.5,40,86.5,9.1,6435,0.994,LOW
4185,0.02,610.3,97,44.1,8.7,5143,0.689,MEDIUM
4186,0.62,144.9,72,2.3,5.6,2123,0.672,MEDIUM
4187,0.33,588.9,78,86.0,8.3,4214,0.953,LOW
4188,0.73,621.6,17,66.0,1.9,3919,0.988,LOW
4189,0.72,42.6,6,70.7,1.4,2011,0.646,MEDIUM
4190,0.91,188.6,13,18.1,4.3,1497,0.847,LOW
4191,0.86,70.7,98,53.4,3.9,2129,0.976,LOW
4192,0.77,541.6,87,23.9,7.4,9049,0.99,LOW
4193,0.11,59.5,58,56.4,5.7,8644,0.056,HIGH
4194,0.88,3.3,23,95.2,2.9,9109,0.0,HIGH
4195,0.65,153.1,24,84.5,6.5,8951,0.682,MEDIUM
4196,0.36,277.9,23,38.0,4.0,5620,0.314,HIGH
4197,0.34,385.2,83,29.6,4.6,4214,0.775,LOW
4198,0.56,547.8,32,77.7,6.8,6043,0.944,LOW
4199,0.9,3.8,21,94.8,1.3,6319,0.0,HIGH
4200,0.21,219.1,10,58.2,3.9,3146,0.113,HIGH
4201,0.98,216.9,22,92.7,1.2,9457,0.982,LOW
4202,0.32,366.2,6,31.4,8.2,8606,0.158,HIGH
4203,0.61,307.2,59,79.0,8.4,1875,0.92,LOW
4204,0.53,535.4,78,72.5,2.4,8567,0.985,LOW
4205,0.93,531.4,35,86.2,3.8,1953,0.997,LOW
4206,0.59,279.6,20,93.8,9.8,4023,0.743,LOW
4207,0.41,615.3,32,71.2,4.9,9849,0.903,LOW
4208,0.45,523.0,26,29.4,7.4,5873,0.712,LOW
4209,0.76,105.8,40,7.9,7.9,5809,0.557,MEDIUM
4210,0.68,332.8,84,36.7,6.1,2503,0.96,LOW
4211,0.76,441.3,50,27.5,1.5,2478,0.978,LOW
4212,0.39,220.0,46,97.5,2.6,9249,0.674,MEDIUM
4213,0.12,85.3,88,53.7,4.0,8189,0.174,HIGH
4214,0.1,622.3,0,53.9,6.1,6236,0.287,HIGH
4215,0.94,287.7,31,85.4,7.2,4407,0.978,LOW
4216,0.86,2.3,18,91.2,4.6,2285,0.0,HIGH
4217,0.3,183.8,40,10.7,9.0,5569,0.086,HIGH
4218,0.01,602.5,83,2.4,2.4,8882,0.512,MEDIUM
4219,0.14,44.4,48,48.7,8.0,3294,0.042,HIGH
4220,0.07,421.9,7,41.2,2.1,2652,0.141,HIGH
4221,0.89,485.7,59,83.5,4.7,5170,0.997,LOW
4222,0.49,466.1,40,55.6,3.8,8662,0.87,LOW
4223,0.59,226.1,29,41.7,7.9,5510,0.539,MEDIUM
4224,0.5,365.9,15,59.3,6.3,4078,0.658,MEDIUM
4225,0.52,364.1,76,46.2,1.0,6513,0.939,LOW
4226,0.72,283.8,60,13.7,1.4,2754,0.931,LOW
4227,0.78,563.9,70,40.5,3.7,4335,0.995,LOW
4228,0.57,592.8,60,99.3,2.1,7980,0.992,LOW
4229,0.13,515.4,52,35.5,2.5,8433,0.509,MEDIUM
4230,0.66,219.2,97,63.0,6.1,4472,0.959,LOW
4231,0.61,431.0,76,1.1,2.2,1079,0.954,LOW
4232,0.94,2.5,42,98.8,7.6,1340,0.001,HIGH
4233,0.03,331.1,26,57.8,9.4,4531,0.063,HIGH
4234,0.17,487.1,97,27.0,7.2,5138,0.693,MEDIUM
4235,0.52,568.9,17,96.0,2.8,9831,0.951,LOW
4236,0.84,405.7,5,31.1,4.2,4964,0.923,LOW
4237,0.99,1.1,18,97.2,4.4,2548,0.001,HIGH
4238,0.55,356.3,40,15.2,7.9,2746,0.658,MEDIUM
4239,0.15,599.7,49,80.2,6.8,2289,0.77,LOW
4240,0.63,121.7,53,52.0,4.2,934,0.775,LOW
4241,0.43,323.5,68,84.8,5.6,2700,0.881,LOW
4242,0.04,182.8,61,13.2,8.6,9730,0.028,HIGH
4243,0.49,320.6,21,20.2,3.1,1377,0.555,MEDIUM
4244,0.04,64.3,54,86.3,7.3,2465,0.063,HIGH
4245,0.85,3.7,48,91.6,5.2,6546,0.0,HIGH
4246,0.11,365.3,28,36.2,7.0,2840,0.123,HIGH
4247,0.99,228.1,26,77.1,8.6,3431,0.967,LOW
4248,0.98,2.2,44,92.9,4.6,4948,0.001,HIGH
4249,0.11,410.5,33,96.0,5.8,9659,0.345,HIGH
4250,0.98,185.3,82,8.7,1.3,5684,0.983,LOW
4251,0.98,3.7,37,90.8,8.9,3254,0.001,HIGH
4252,0.18,604.0,64,4.8,3.6,9271,0.633,MEDIUM
4253,0.15,201.5,89,51.4,4.8,1624,0.393,HIGH
4254,0.54,359.6,89,86.2,3.5,7040,0.974,LOW
4255,0.65,84.5,54,86.1,5.0,1155,0.841,LOW
4256,0.06,144.5,17,65.6,3.3,8274,0.036,HIGH
4257,0.66,49.0,60,21.9,4.4,7931,0.569,MEDIUM
4258,0.58,355.9,82,39.3,9.8,8373,0.887,LOW
4259,0.24,430.6,54,73.6,2.2,2405,0.775,LOW
4260,0.38,438.8,65,78.3,1.5,2561,0.937,LOW
4261,0.95,504.6,18,93.6,5.8,6877,0.994,LOW
4262,0.97,248.5,86,85.1,6.9,7840,0.994,LOW
4263,0.96,4.7,40,90.4,1.3,8805,0.001,HIGH
4264,0.22,54.5,22,58.6,7.4,551,0.051,HIGH
4265,0.28,604.2,63,25.1,3.4,4168,0.855,LOW
4266,0.23,408.4,69,86.8,3.1,3389,0.828,LOW
4267,0.25,195.3,28,31.9,1.4,3100,0.171,HIGH
4268,0.99,127.4,37,94.9,4.6,2442,0.979,LOW
4269,0.96,491.4,27,93.7,6.5,1524,0.996,LOW
4270,0.42,127.9,57,52.1,1.5,9443,0.491,MEDIUM
4271,0.35,308.0,2,2.9,4.9,9020,0.106,HIGH
4272,0.81,266.6,13,49.8,3.5,5655,0.886,LOW
4273,0.18,111.1,81,85.5,8.7,4884,0.255,HIGH
4274,0.23,44.6,49,25.0,9.5,9391,0.033,HIGH
4275,0.3,489.3,5,14.4,7.6,8244,0.221,HIGH
4276,0.92,492.0,43,58.7,4.9,1249,0.995,LOW
4277,0.72,108.7,69,61.7,4.3,1382,0.911,LOW
4278,0.15,38.4,66,52.4,5.0,9072,0.076,HIGH
4279,0.71,212.7,91,74.7,4.7,1949,0.976,LOW
4280,0.07,406.3,55,44.9,6.4,545,0.292,HIGH
4281,0.41,546.2,35,5.1,6.9,6992,0.641,MEDIUM
4282,0.62,598.9,82,56.5,6.5,5391,0.99,LOW
4283,0.92,1.1,32,90.4,7.0,9471,0.0,HIGH
4284,0.74,533.5,92,15.7,4.0,3013,0.993,LOW
4285,0.95,137.6,34,51.5,8.9,1301,0.91,LOW
4286,0.96,466.8,37,53.0,2.9,4142,0.994,LOW
4287,0.55,401.4,60,71.4,3.5,2340,0.954,LOW
4288,0.09,542.4,79,4.3,4.2,4949,0.516,MEDIUM
4289,0.42,328.6,72,20.3,3.3,5250,0.75,LOW
4290,0.63,348.6,82,63.1,1.0,8813,0.977,LOW
4291,0.36,165.5,16,60.8,8.4,3888,0.15,HIGH
4292,0.31,461.9,88,37.6,1.4,1089,0.914,LOW
4293,0.47,191.8,73,80.4,3.2,9167,0.81,LOW
4294,0.95,604.6,36,98.9,9.4,6708,0.997,LOW
4295,0.08,438.1,37,72.2,8.1,4223,0.266,HIGH
4296,0.89,2.3,13,94.7,2.7,6433,0.0,HIGH
4297,0.69,82.0,86,13.3,3.6,4744,0.819,LOW
4298,0.96,372.5,30,55.6,7.3,6725,0.978,LOW
4299,0.18,315.1,21,34.8,4.2,7789,0.122,HIGH
4300,0.72,48.5,39,30.6,6.6,5429,0.528,MEDIUM
4301,0.57,60.7,11,21.5,1.2,7870,0.229,HIGH
4302,0.83,284.3,78,28.1,7.5,8462,0.958,LOW
4303,0.44,437.0,90,99.0,1.8,1265,0.984,LOW
4304,0.86,402.8,80,28.1,5.1,8347,0.989,LOW
4305,0.88,498.5,50,40.0,7.4,1755,0.989,LOW
4306,0.87,100.2,60,40.2,9.1,3166,0.884,LOW
4307,0.17,327.1,92,9.5,4.3,5326,0.412,MEDIUM
4308,0.58,437.5,78,87.7,3.5,8067,0.982,LOW
4309,0.78,474.6,92,29.3,8.6,2680,0.99,LOW
4310,0.1,454.4,75,73.6,1.6,5841,0.724,LOW
4311,0.5,321.3,71,30.1,8.4,2253,0.774,LOW
4312,0.86,4.7,21,94.7,9.3,519,0.0,HIGH
4313,0.48,151.4,36,1.3,9.3,8134,0.141,HIGH
4314,0.29,191.6,74,30.7,9.7,1094,0.278,HIGH
4315,0.71,249.0,71,25.6,5.4,4354,0.913,LOW
4316,0.17,198.1,42,25.3,8.2,9359,0.055,HIGH
4317,0.32,139.5,53,98.5,9.9,519,0.391,HIGH
4318,0.1,46.3,79,49.8,7.1,1298,0.09,HIGH
4319,0.58,585.6,34,65.9,6.3,1465,0.965,LOW
4320,0.17,512.2,7,40.8,3.7,514,0.34,HIGH
4321,0.33,562.8,6,48.7,4.7,8121,0.584,MEDIUM
4322,0.36,377.5,50,53.7,3.7,4297,0.722,LOW
4323,0.01,503.8,5,92.5,9.7,4029,0.149,HIGH
4324,0.79,158.8,72,94.4,9.9,4348,0.953,LOW
4325,0.14,105.1,67,23.2,2.2,4332,0.107,HIGH
4326,0.92,109.3,98,33.1,5.8,4389,0.975,LOW
4327,0.34,402.2,99,30.7,2.8,4078,0.886,LOW
4328,0.14,520.9,65,55.6,2.9,3040,0.743,LOW
4329,0.74,304.4,99,88.1,7.6,4137,0.989,LOW
4330,0.87,463.7,8,22.0,5.3,8828,0.938,LOW
4331,0.9,570.4,28,19.9,3.2,5319,0.989,LOW
4332,0.74,259.9,51,30.0,2.7,5606,0.91,LOW
4333,0.0,371.9,93,29.6,4.6,8326,0.291,HIGH
4334,0.22,61.3,90,65.3,5.3,9693,0.264,HIGH
4335,0.48,524.5,67,74.4,9.3,9334,0.937,LOW
4336,0.09,399.5,32,44.9,3.5,8573,0.187,HIGH
4337,0.57,144.8,86,50.2,8.3,3947,0.79,LOW
4338,0.5,459.1,57,51.0,6.9,3564,0.902,LOW
4339,0.55,229.3,63,67.2,3.7,2131,0.872,LOW
4340,0.49,502.2,85,39.5,9.0,712,0.947,LOW
4341,0.66,128.9,47,26.4,1.8,7994,0.696,MEDIUM
4342,0.31,179.3,62,82.5,7.0,4767,0.473,MEDIUM
4343,0.2,214.8,42,23.4,3.3,7880,0.12,HIGH
4344,0.8,591.9,49,66.6,9.1,7315,0.991,LOW
4345,0.02,180.5,59,8.0,1.3,5138,0.057,HIGH
4346,0.19,590.3,73,99.1,5.4,1561,0.931,LOW
4347,0.98,347.1,53,90.5,9.2,2232,0.993,LOW
4348,0.99,617.9,71,81.3,6.9,1784,0.999,LOW
4349,0.1,436.6,10,58.4,2.1,9229,0.194,HIGH
4350,1.0,596.0,95,66.6,4.1,4464,1.0,LOW
4351,0.89,612.1,43,6.9,8.3,5647,0.987,LOW
4352,0.41,265.6,73,79.3,8.4,9625,0.712,LOW
4353,0.86,94.9,21,85.7,1.8,9044,0.898,LOW
4354,0.59,130.3,10,51.8,10.0,9112,0.242,HIGH
4355,0.15,526.1,23,75.5,5.9,8794,0.441,MEDIUM
4356,0.81,276.2,75,66.1,8.2,1249,0.978,LOW
4357,0.11,90.2,50,62.3,6.6,5583,0.062,HIGH
4358,0.96,333.0,70,44.1,7.4,7643,0.988,LOW
4359,0.99,500.6,68,68.6,3.2,6924,0.999,LOW
4360,0.52,518.7,45,17.4,6.2,1823,0.869,LOW
4361,0.16,613.6,29,77.0,5.6,1887,0.703,LOW
4362,0.21,371.8,93,27.0,7.3,1992,0.583,MEDIUM
4363,0.91,558.5,83,78.1,5.2,7097,0.999,LOW
4364,0.79,268.4,22,63.7,2.6,2088,0.935,LOW
4365,0.36,168.6,37,90.6,3.7,5434,0.476,MEDIUM
4366,0.66,388.5,60,78.2,5.2,7988,0.967,LOW
4367,0.38,240.4,91,72.8,2.9,4203,0.858,LOW
4368,0.35,103.4,50,26.5,8.2,6468,0.129,HIGH
4369,0.23,603.9,12,14.0,4.4,9296,0.38,HIGH
4370,0.12,115.3,64,30.2,9.0,657,0.061,HIGH
4371,0.1,183.7,53,53.8,2.3,9628,0.127,HIGH
4372,0.62,159.1,7,13.9,7.9,9691,0.204,HIGH
4373,0.51,266.1,77,11.8,5.9,9223,0.679,MEDIUM
4374,0.32,262.0,59,41.7,6.4,7142,0.401,MEDIUM
4375,0.82,282.2,27,97.1,6.8,2738,0.961,LOW
4376,0.77,115.9,65,28.6,2.4,3674,0.894,LOW
4377,0.42,190.8,3,54.3,6.4,8134,0.168,HIGH
4378,0.56,170.8,21,32.5,8.7,9266,0.264,HIGH
4379,0.06,570.7,13,90.5,7.0,5869,0.354,HIGH
4380,0.58,203.8,71,51.2,8.6,4689,0.785,LOW
4381,0.21,628.5,80,34.5,9.7,9676,0.763,LOW
4382,0.21,141.2,13,21.5,6.8,3096,0.032,HIGH
4383,0.32,607.3,33,37.0,9.7,1133,0.698,MEDIUM
4384,1.0,85.0,88,94.7,5.7,5022,0.992,LOW
4385,0.29,444.3,30,86.1,9.7,6970,0.555,MEDIUM
4386,0.14,76.4,25,33.4,6.0,5279,0.024,HIGH
4387,0.82,211.1,5,92.3,9.5,6585,0.835,LOW
4388,0.41,113.7,49,88.4,4.3,8759,0.481,MEDIUM
4389,0.4,311.6,1,57.0,8.1,1298,0.298,HIGH
4390,0.62,136.9,38,82.5,3.1,9957,0.753,LOW
4391,0.99,2.2,22,99.7,2.6,9716,0.001,HIGH
4392,0.32,130.5,59,42.3,3.7,8036,0.269,HIGH
4393,0.42,587.0,39,59.6,6.0,9585,0.884,LOW
4394,0.3,260.3,13,57.4,4.1,6664,0.215,HIGH
4395,0.98,438.6,97,32.7,7.4,1960,0.998,LOW
4396,0.76,416.1,98,78.7,4.9,9362,0.995,LOW
4397,0.2,45.9,54,60.8,6.6,4032,0.093,HIGH
4398,0.73,243.9,41,1.6,6.3,7158,0.714,LOW
4399,0.36,241.3,42,77.7,1.5,5191,0.619,MEDIUM
4400,0.68,107.3,57,4.9,9.2,6238,0.498,MEDIUM
4401,0.54,369.6,6,55.7,3.2,6967,0.689,MEDIUM
4402,0.95,87.8,15,91.6,2.9,9396,0.928,LOW
4403,0.55,361.5,78,13.5,7.7,6922,0.832,LOW
4404,0.43,443.1,95,76.8,4.5,2827,0.969,LOW
4405,0.43,82.6,13,55.2,6.2,4944,0.151,HIGH
4406,0.93,286.4,7,72.9,3.7,6541,0.958,LOW
4407,0.51,363.9,43,23.9,4.6,6297,0.718,LOW
4408,0.25,555.9,5,40.7,6.9,4424,0.378,HIGH
4409,0.54,274.7,32,37.1,1.8,9727,0.659,MEDIUM
4410,0.51,154.8,75,28.6,5.5,9111,0.588,MEDIUM
4411,0.32,122.0,20,0.3,3.2,1078,0.075,HIGH
4412,0.22,177.1,5,72.1,4.9,6213,0.09,HIGH
4413,0.18,364.4,67,99.7,9.9,5047,0.575,MEDIUM
4414,0.87,170.1,16,62.2,9.5,5187,0.812,LOW
4415,0.1,565.1,57,57.0,4.6,4792,0.64,MEDIUM
4416,0.99,1.4,21,92.3,3.3,1904,0.001,HIGH
4417,0.55,482.9,12,73.6,9.5,2700,0.826,LOW
4418,0.23,210.5,72,11.2,6.7,4096,0.199,HIGH
4419,0.84,111.0,34,18.9,1.1,2806,0.841,LOW
4420,0.4,210.0,45,30.9,1.5,6492,0.433,MEDIUM
4421,0.35,322.6,88,31.4,7.1,1981,0.727,LOW
4422,0.18,531.2,0,52.0,8.5,609,0.263,HIGH
4423,0.06,457.0,73,84.1,6.7,3216,0.602,MEDIUM
4424,0.23,425.6,6,61.6,8.2,2188,0.247,HIGH
4425,0.01,406.5,11,2.0,2.4,7237,0.042,HIGH
4426,0.8,337.7,29,35.3,4.9,1633,0.933,LOW
4427,0.07,486.0,89,47.4,1.5,7310,0.699,MEDIUM
4428,0.18,461.8,69,28.0,8.7,1842,0.488,MEDIUM
4429,0.01,287.7,90,20.0,4.2,2647,0.2,HIGH
4430,0.96,349.7,6,49.8,3.9,4971,0.965,LOW
4431,0.25,455.1,74,19.2,5.5,7736,0.608,MEDIUM
4432,0.68,162.9,41,66.7,3.9,4505,0.834,LOW
4433,0.97,535.8,52,83.1,6.6,1636,0.998,LOW
4434,0.94,584.2,92,78.2,9.5,747,0.999,LOW
4435,0.2,611.4,90,15.9,3.4,1547,0.877,LOW
4436,0.45,417.0,9,6.9,3.5,5804,0.434,MEDIUM
4437,0.34,45.4,12,53.3,7.7,4945,0.055,HIGH
4438,0.86,491.0,5,17.4,1.1,5050,0.964,LOW
4439,0.98,4.5,15,96.9,2.2,3450,0.001,HIGH
4440,0.06,399.3,98,94.8,5.1,6054,0.736,LOW
4441,0.37,235.2,45,91.1,5.3,1841,0.649,MEDIUM
4442,0.48,526.1,47,89.0,3.5,9962,0.954,LOW
4443,0.43,157.4,0,85.0,7.6,5860,0.212,HIGH
4444,0.99,1.3,14,99.3,3.1,7917,0.001,HIGH
4445,0.21,589.4,96,44.1,9.0,5259,0.856,LOW
4446,0.12,275.2,11,55.8,5.6,1523,0.085,HIGH
4447,0.69,54.3,37,28.8,5.8,3175,0.515,MEDIUM
4448,0.91,243.0,96,18.0,3.7,3635,0.987,LOW
4449,0.8,224.4,56,99.4,8.9,1999,0.966,LOW
4450,0.45,137.7,1,45.8,6.9,7074,0.123,HIGH
4451,0.22,182.2,12,17.6,7.2,6970,0.032,HIGH
4452,0.34,369.6,68,82.1,1.1,1689,0.898,LOW
4453,0.7,184.1,13,79.1,9.4,9738,0.619,MEDIUM
4454,0.97,370.8,49,55.3,5.0,1187,0.993,LOW
4455,0.62,380.1,24,9.5,5.1,1419,0.753,LOW
4456,0.4,69.9,35,42.0,7.1,8318,0.131,HIGH
4457,0.5,161.6,88,72.9,5.4,4673,0.844,LOW
4458,0.11,372.3,12,70.9,6.3,7947,0.136,HIGH
4459,0.37,301.7,30,12.9,9.3,9914,0.165,HIGH
4460,0.24,150.1,70,94.5,6.5,5207,0.416,MEDIUM
4461,0.72,42.1,0,95.5,3.9,8312,0.576,MEDIUM
4462,0.55,36.3,94,71.7,6.9,3495,0.782,LOW
4463,0.17,142.2,75,22.2,7.7,3663,0.111,HIGH
4464,0.43,85.0,81,5.5,6.8,4333,0.311,HIGH
4465,0.54,598.4,2,57.7,4.4,8614,0.877,LOW
4466,0.85,227.2,21,14.1,5.1,5619,0.807,LOW
4467,0.75,380.9,91,78.4,8.7,4707,0.989,LOW
4468,0.88,254.7,35,40.7,7.7,5122,0.919,LOW
4469,0.6,43.8,71,79.4,7.0,692,0.774,LOW
4470,0.07,616.5,84,31.8,4.9,6278,0.714,LOW
4471,0.7,608.4,76,96.9,2.4,3167,0.998,LOW
4472,0.52,508.0,49,20.8,7.7,4764,0.854,LOW
4473,0.84,120.4,23,75.0,2.4,8417,0.888,LOW
4474,0.44,75.6,4,80.1,7.5,3588,0.162,HIGH
4475,0.05,495.2,64,56.0,2.8,6250,0.541,MEDIUM
4476,0.81,578.5,40,9.3,9.9,7845,0.962,LOW
4477,0.42,431.9,49,9.2,4.9,9841,0.617,MEDIUM
4478,0.14,389.3,68,56.1,2.0,8018,0.547,MEDIUM
4479,0.48,239.3,54,3.6,5.6,8356,0.418,MEDIUM
4480,0.67,282.5,86,2.2,5.5,5424,0.903,LOW
4481,0.15,267.5,3,94.4,9.9,3707,0.088,HIGH
4482,0.96,483.4,24,76.6,2.9,2478,0.995,LOW
4483,0.62,165.6,80,28.6,1.4,3862,0.876,LOW
4484,0.24,351.2,47,59.1,9.8,2374,0.361,HIGH
4485,0.69,485.8,87,5.1,5.3,4924,0.976,LOW
4486,0.06,199.7,69,28.4,8.3,3213,0.077,HIGH
4487,0.75,376.5,39,74.5,8.2,4511,0.956,LOW
4488,0.98,564.9,38,13.5,4.8,1324,0.994,LOW
4489,0.57,37.5,87,12.8,4.3,6415,0.572,MEDIUM
4490,0.15,304.5,24,88.0,7.8,3291,0.202,HIGH
4491,0.3,342.9,26,66.8,9.1,871,0.36,HIGH
4492,0.74,36.3,93,15.7,1.1,829,0.903,LOW
4493,0.48,213.8,74,86.5,7.7,9865,0.781,LOW
4494,0.41,552.9,64,13.3,7.0,7828,0.828,LOW
4495,0.07,445.0,0,34.8,4.4,3162,0.096,HIGH
4496,0.93,192.7,47,4.4,9.2,2945,0.875,LOW
4497,0.51,42.6,12,14.1,4.3,9647,0.094,HIGH
4498,0.77,85.1,49,33.7,5.7,6577,0.74,LOW
4499,0.49,578.9,43,67.4,3.6,8766,0.95,LOW
4500,0.56,397.0,42,33.1,2.0,8184,0.859,LOW
4501,0.87,597.8,21,39.3,7.4,4822,0.984,LOW
4502,0.48,209.7,1,9.1,6.7,7213,0.126,HIGH
4503,0.92,295.5,51,97.8,4.5,1391,0.993,LOW
4504,0.41,444.0,93,77.2,4.4,9197,0.956,LOW
4505,0.3,150.9,10,4.9,3.5,5777,0.051,HIGH
4506,0.76,395.6,63,5.9,5.6,2624,0.956,LOW
4507,0.83,456.8,75,25.3,5.5,3271,0.99,LOW
4508,0.58,456.4,35,77.2,7.2,2857,0.927,LOW
4509,0.26,394.9,13,85.4,7.4,6077,0.366,HIGH
4510,0.7,403.5,8,6.7,3.2,2445,0.81,LOW
4511,0.71,124.8,88,36.4,7.2,1789,0.891,LOW
4512,0.11,83.5,54,40.3,7.0,1531,0.051,HIGH
4513,0.98,61.4,79,81.1,4.4,3293,0.986,LOW
4514,0.43,599.3,19,93.6,4.3,7559,0.924,LOW
4515,0.15,544.1,77,0.9,7.9,3218,0.514,MEDIUM
4516,0.23,178.3,44,28.6,4.9,5333,0.126,HIGH
4517,0.1,195.4,98,75.1,4.8,740,0.47,MEDIUM
4518,0.95,3.1,14,98.7,2.6,2294,0.001,HIGH
4519,0.73,219.6,50,96.3,3.3,8443,0.952,LOW
4520,0.59,263.9,35,36.3,2.9,2097,0.771,LOW
4521,0.91,501.9,88,6.3,3.0,7574,0.996,LOW
4522,0.93,380.9,78,60.4,7.1,729,0.995,LOW
4523,0.61,124.2,27,60.6,5.1,7634,0.535,MEDIUM
4524,0.43,543.8,43,29.8,8.0,7124,0.77,LOW
4525,0.42,182.2,79,7.7,8.5,5392,0.375,HIGH
4526,0.13,592.4,16,99.5,2.2,5610,0.697,MEDIUM
4527,0.03,412.9,51,60.5,3.7,6137,0.288,HIGH
4528,0.31,171.9,60,85.7,1.8,6772,0.571,MEDIUM
4529,0.15,558.3,37,12.9,2.9,3898,0.442,MEDIUM
4530,0.05,208.4,13,75.2,4.0,3701,0.057,HIGH
4531,0.62,406.1,71,55.4,8.6,3622,0.95,LOW
4532,0.13,228.1,10,2.3,6.1,1019,0.025,HIGH
4533,0.44,399.4,74,21.0,5.6,7169,0.794,LOW
4534,0.46,536.8,56,9.5,7.6,3158,0.837,LOW
4535,0.42,376.5,38,77.7,8.3,6681,0.695,MEDIUM
4536,0.73,67.9,52,42.4,9.8,8450,0.599,MEDIUM
4537,0.5,411.4,75,62.8,7.7,4194,0.923,LOW
4538,0.97,3.1,10,98.7,6.7,1105,0.0,HIGH
4539,0.15,282.8,5,31.3,1.2,2256,0.09,HIGH
4540,0.71,365.0,99,5.9,9.4,8518,0.947,LOW
4541,0.44,234.4,37,19.1,4.3,5268,0.375,HIGH
4542,0.13,524.4,0,45.9,8.2,1254,0.183,HIGH
4543,0.17,267.6,6,47.0,5.0,1603,0.09,HIGH
4544,0.78,499.1,14,36.6,8.4,1967,0.939,LOW
4545,0.89,1.1,17,96.6,1.3,9274,0.0,HIGH
4546,0.59,429.7,98,76.2,5.3,2304,0.988,LOW
4547,0.34,272.0,10,69.3,2.4,2427,0.391,HIGH
4548,0.88,57.9,51,21.4,9.7,3791,0.755,LOW
4549,0.56,105.3,92,98.6,6.4,7351,0.89,LOW
4550,0.41,425.7,7,23.9,9.8,6049,0.286,HIGH
4551,0.93,387.1,0,96.7,8.6,5665,0.97,LOW
4552,0.89,417.5,55,19.6,2.1,2230,0.988,LOW
4553,0.33,95.7,33,91.3,4.6,7952,0.253,HIGH
4554,0.84,50.6,52,79.1,5.9,1785,0.914,LOW
4555,0.06,156.0,96,42.5,7.7,3820,0.149,HIGH
4556,0.02,93.3,90,50.2,3.2,4345,0.129,HIGH
4557,0.13,566.8,31,90.8,7.2,2638,0.619,MEDIUM
4558,0.31,357.3,76,35.8,7.4,4308,0.622,MEDIUM
4559,0.24,215.1,52,93.9,8.5,3611,0.356,HIGH
4560,0.95,501.1,84,34.2,8.1,1905,0.997,LOW
4561,0.35,589.3,54,70.0,8.9,4303,0.891,LOW
4562,0.46,607.4,12,40.7,7.4,2518,0.809,LOW
4563,0.33,606.9,63,10.0,9.1,849,0.79,LOW
4564,0.01,594.8,51,64.1,9.5,6702,0.392,HIGH
4565,0.3,238.1,38,75.4,7.1,1327,0.378,HIGH
4566,0.0,524.6,4,83.9,8.8,2927,0.158,HIGH
4567,0.68,333.2,67,38.3,7.8,6052,0.917,LOW
4568,0.97,366.5,8,6.0,2.2,8160,0.943,LOW
4569,0.61,170.3,56,21.8,3.9,1927,0.713,LOW
4570,0.5,577.4,16,27.0,7.5,8264,0.757,LOW
4571,0.18,198.8,95,72.1,9.3,7331,0.382,HIGH
4572,0.72,461.0,2,84.5,9.6,3342,0.922,LOW
4573,0.18,286.2,24,83.7,3.2,9244,0.242,HIGH
4574,0.02,255.3,92,39.2,2.8,7741,0.242,HIGH
4575,0.95,165.6,80,2.8,3.0,3571,0.97,LOW
4576,0.79,131.2,30,28.4,2.6,3925,0.795,LOW
4577,0.84,281.0,2,87.0,4.4,7111,0.926,LOW
4578,0.65,290.3,37,21.2,1.6,7340,0.81,LOW
4579,0.71,362.6,41,14.3,6.6,3839,0.865,LOW
4580,0.78,506.6,41,50.6,7.5,7628,0.975,LOW
4581,0.23,385.6,29,11.0,6.4,9512,0.152,HIGH
4582,0.31,104.4,46,67.4,9.0,1594,0.192,HIGH
4583,0.83,91.5,60,73.5,1.9,8379,0.945,LOW
4584,0.41,291.2,16,78.8,5.4,9569,0.465,MEDIUM
4585,0.87,455.6,3,34.7,6.2,8183,0.934,LOW
4586,0.93,45.3,45,42.4,8.3,8961,0.817,LOW
4587,0.63,359.7,58,90.1,3.7,711,0.974,LOW
4588,0.38,527.1,78,23.5,8.7,9245,0.824,LOW
4589,0.97,3.2,12,94.3,4.7,7394,0.0,HIGH
4590,0.18,548.4,47,13.8,5.9,4457,0.457,MEDIUM
4591,0.17,254.6,94,9.4,1.1,1718,0.446,MEDIUM
4592,0.66,136.3,91,39.1,8.8,5118,0.839,LOW
4593,0.23,607.6,45,25.8,5.6,6717,0.641,MEDIUM
4594,0.09,200.9,49,3.5,9.2,6377,0.027,HIGH
4595,0.72,148.8,9,47.6,2.3,3708,0.688,MEDIUM
4596,0.98,159.5,10,83.8,3.2,9122,0.948,LOW
4597,0.7,615.2,3,37.0,5.8,6481,0.938,LOW
4598,0.36,586.4,41,78.4,7.4,6386,0.879,LOW
4599,0.86,3.4,28,98.8,3.9,8229,0.0,HIGH
4600,0.74,62.7,34,54.3,9.4,6392,0.57,MEDIUM
4601,0.12,409.9,72,72.4,6.1,8547,0.526,MEDIUM
4602,0.71,340.1,55,79.4,2.8,3181,0.977,LOW
4603,0.3,519.7,52,87.4,9.8,1262,0.829,LOW
4604,0.48,413.9,51,98.9,6.5,2101,0.932,LOW
4605,0.66,468.3,4,29.6,4.7,5974,0.833,LOW
4606,0.3,516.9,38,33.4,5.3,8573,0.59,MEDIUM
4607,0.38,166.8,85,42.9,1.9,7594,0.654,MEDIUM
4608,0.64,106.0,62,40.1,6.0,8249,0.682,MEDIUM
4609,0.28,198.9,47,49.8,3.3,5185,0.299,HIGH
4610,0.95,2.6,41,97.1,6.3,3795,0.001,HIGH
4611,0.46,307.4,48,70.1,6.3,1823,0.773,LOW
4612,0.5,312.7,29,43.1,6.8,3849,0.587,MEDIUM
4613,0.07,124.8,66,57.2,2.9,5293,0.118,HIGH
4614,0.66,540.9,12,49.4,5.6,7102,0.921,LOW
4615,0.34,470.1,6,30.3,9.7,9353,0.242,HIGH
4616,0.78,306.5,87,49.1,3.5,7479,0.984,LOW
4617,0.9,3.6,18,94.3,7.1,1166,0.0,HIGH
4618,0.32,252.9,47,4.8,2.7,4950,0.273,HIGH
4619,0.46,56.4,3,26.7,6.3,982,0.086,HIGH
4620,0.16,549.8,89,0.7,9.9,2521,0.571,MEDIUM
4621,0.41,286.4,30,42.9,3.8,6953,0.453,MEDIUM
4622,0.6,212.1,22,9.7,2.4,1414,0.532,MEDIUM
4623,0.96,57.8,96,83.1,7.9,5498,0.984,LOW
4624,0.36,240.1,70,16.1,2.3,6245,0.509,MEDIUM
4625,0.57,222.9,87,93.6,3.8,2251,0.96,LOW
4626,0.33,426.9,69,98.8,2.5,2713,0.931,LOW
4627,0.84,603.6,6,87.6,5.9,6097,0.99,LOW
4628,0.87,1.7,18,90.6,3.2,2269,0.0,HIGH
4629,0.88,216.7,53,67.4,9.6,7360,0.947,LOW
4630,0.26,121.7,61,61.9,6.0,4131,0.252,HIGH
4631,0.07,479.8,3,40.9,5.1,5427,0.115,HIGH
4632,0.15,612.5,95,76.3,9.7,4530,0.887,LOW
4633,0.44,457.5,55,54.9,4.4,8986,0.867,LOW
4634,0.24,462.4,86,29.8,6.7,2140,0.737,LOW
4635,0.25,214.0,10,65.1,4.9,9870,0.113,HIGH
4636,0.92,583.9,30,60.5,9.9,1885,0.993,LOW
4637,0.27,591.4,24,35.5,2.8,3107,0.691,MEDIUM
4638,0.96,4.2,16,99.5,3.7,1723,0.001,HIGH
4639,0.83,38.7,78,9.4,8.1,6375,0.787,LOW
4640,0.84,391.5,17,81.1,8.3,9336,0.952,LOW
4641,0.65,596.7,19,8.4,8.1,7825,0.872,LOW
4642,0.22,259.7,33,35.0,1.7,2029,0.236,HIGH
4643,0.76,488.1,47,13.2,9.5,1691,0.95,LOW
4644,0.03,377.5,42,90.8,3.9,2284,0.34,HIGH
4645,0.52,410.6,31,39.5,7.7,7381,0.703,LOW
4646,0.16,395.8,18,16.6,2.9,3658,0.155,HIGH
4647,0.52,461.9,87,33.7,4.6,1818,0.962,LOW
4648,0.61,292.2,92,92.4,7.6,9221,0.965,LOW
4649,0.91,106.2,45,81.5,8.4,6103,0.929,LOW
4650,0.44,525.6,4,63.3,1.5,5694,0.817,LOW
4651,0.23,163.2,20,34.2,3.7,2138,0.085,HIGH
4652,0.62,335.7,62,11.0,1.5,3808,0.901,LOW
4653,0.28,292.1,3,77.1,4.3,7844,0.233,HIGH
4654,0.98,35.2,40,89.6,9.8,2581,0.93,LOW
4655,0.83,512.7,56,59.4,3.3,2274,0.995,LOW
4656,0.23,522.0,6,76.0,5.8,6400,0.478,MEDIUM
4657,0.57,385.6,14,42.2,5.7,1072,0.74,LOW
4658,0.57,591.5,18,11.7,4.1,6625,0.865,LOW
4659,0.51,87.1,19,68.3,5.5,2901,0.346,HIGH
4660,0.52,213.0,44,48.0,2.5,8270,0.662,MEDIUM
4661,0.02,305.1,63,10.6,1.8,4020,0.129,HIGH
4662,0.5,303.7,48,89.4,2.6,5154,0.89,LOW
4663,0.62,193.4,48,4.6,1.2,3111,0.708,LOW
4664,0.23,378.6,50,44.0,4.9,5391,0.433,MEDIUM
4665,0.71,613.5,38,15.9,7.8,7303,0.959,LOW
4666,0.25,578.3,45,89.1,1.3,4646,0.908,LOW
4667,0.89,274.9,41,35.0,4.2,1150,0.962,LOW
4668,0.71,169.4,69,51.4,6.1,9409,0.872,LOW
4669,0.63,487.0,58,53.5,7.0,5579,0.962,LOW
4670,0.32,456.9,20,38.1,9.8,8994,0.307,HIGH
4671,0.05,451.4,25,10.8,1.7,4165,0.139,HIGH
4672,0.68,190.9,88,39.0,3.2,4534,0.938,LOW
4673,0.91,1.7,19,96.2,7.2,5654,0.0,HIGH
4674,0.11,161.2,35,60.4,9.3,7274,0.044,HIGH
4675,0.22,56.3,59,3.2,4.9,9211,0.049,HIGH
4676,0.07,233.5,92,43.0,5.7,6242,0.239,HIGH
4677,0.67,456.5,85,89.1,4.5,8330,0.992,LOW
4678,0.16,293.4,3,12.2,4.0,4657,0.048,HIGH
4679,0.22,346.2,27,23.4,8.7,3711,0.132,HIGH
4680,0.72,192.1,71,54.9,3.1,3617,0.943,LOW
4681,0.38,402.1,97,86.3,2.7,3062,0.964,LOW
4682,0.83,95.0,69,79.7,1.7,2604,0.97,LOW
4683,0.79,515.2,62,70.2,9.7,9599,0.988,LOW
4684,0.12,333.0,6,56.4,9.5,6223,0.06,HIGH
4685,0.42,329.2,88,74.3,9.2,7047,0.851,LOW
4686,0.63,340.4,60,81.6,6.3,9854,0.938,LOW
4687,0.76,605.9,98,2.7,9.1,6223,0.992,LOW
4688,0.76,229.7,11,25.6,9.3,8504,0.566,MEDIUM
4689,0.95,456.5,33,39.5,5.5,9248,0.984,LOW
4690,0.96,593.7,27,87.8,3.2,7886,0.998,LOW
4691,0.34,114.0,96,73.2,7.1,1229,0.639,MEDIUM
4692,0.03,150.6,70,69.7,4.7,5536,0.123,HIGH
4693,0.45,422.4,99,64.1,3.7,815,0.973,LOW
4694,0.16,254.2,44,77.8,1.8,2259,0.369,HIGH
4695,0.22,460.1,75,87.2,8.7,9043,0.75,LOW
4696,0.3,591.1,82,17.6,6.7,6337,0.853,LOW
4697,0.39,279.6,96,53.2,8.4,6826,0.764,LOW
4698,0.78,340.2,34,14.8,5.6,3452,0.894,LOW
4699,0.49,621.7,5,50.0,2.7,4345,0.894,LOW
4700,0.36,261.9,93,3.1,7.0,6866,0.505,MEDIUM
4701,0.01,275.5,64,9.0,8.4,1168,0.058,HIGH
4702,0.79,146.1,75,76.0,6.9,7609,0.946,LOW
4703,0.66,235.8,84,96.9,5.5,8538,0.966,LOW
4704,0.4,497.9,84,38.0,2.6,8859,0.928,LOW
4705,0.97,223.4,73,57.1,9.2,8259,0.98,LOW
4706,0.96,417.9,25,74.3,8.7,6084,0.984,LOW
4707,0.21,420.3,33,86.5,7.7,5957,0.459,MEDIUM
4708,0.58,144.1,7,34.9,4.6,1060,0.35,HIGH
4709,0.51,531.3,70,56.8,1.9,2167,0.978,LOW
4710,0.15,143.7,55,33.1,2.5,7278,0.107,HIGH
4711,0.27,338.9,42,37.6,3.7,3079,0.423,MEDIUM
4712,0.98,558.1,31,71.9,9.0,1961,0.996,LOW
4713,0.56,162.8,32,84.7,4.2,4826,0.703,LOW
4714,0.69,186.7,91,98.2,5.5,8278,0.971,LOW
4715,0.83,598.4,14,0.7,2.0,1632,0.977,LOW
4716,0.75,425.8,90,44.5,6.1,3374,0.989,LOW
4717,0.88,576.0,72,4.3,7.0,5609,0.993,LOW
4718,0.33,183.6,44,1.9,8.4,2618,0.117,HIGH
4719,0.44,495.9,72,48.5,2.0,6531,0.944,LOW
4720,0.43,319.8,31,29.4,9.6,8527,0.322,HIGH
4721,0.97,461.2,53,94.7,7.6,2889,0.997,LOW
4722,0.66,281.7,48,59.8,3.5,8086,0.903,LOW
4723,0.37,387.0,76,68.5,2.3,3396,0.907,LOW
4724,0.9,4.8,20,97.1,4.6,4427,0.0,HIGH
4725,0.51,596.0,5,29.7,9.9,4227,0.723,LOW
4726,0.29,64.7,31,61.3,3.8,2533,0.136,HIGH
4727,0.95,341.3,40,51.4,9.1,1263,0.978,LOW
4728,0.75,572.5,95,75.3,8.1,9484,0.997,LOW
4729,0.65,266.7,92,56.3,8.5,1490,0.952,LOW
4730,0.78,276.5,17,26.0,3.0,4555,0.85,LOW
4731,0.04,174.4,70,95.7,4.0,9270,0.206,HIGH
4732,0.73,33.5,42,39.2,5.3,9368,0.573,MEDIUM
4733,0.05,68.8,6,58.5,1.6,4324,0.019,HIGH
4734,0.0,81.8,89,37.2,1.9,5224,0.093,HIGH
4735,0.43,288.1,60,31.6,6.5,9353,0.552,MEDIUM
4736,0.99,261.4,85,8.4,1.6,1412,0.992,LOW
4737,0.04,97.8,78,73.9,1.3,5824,0.177,HIGH
4738,0.89,426.7,30,21.9,7.5,5263,0.958,LOW
4739,0.45,59.7,59,17.4,1.9,5296,0.333,HIGH
4740,0.27,623.5,70,74.0,3.6,2598,0.95,LOW
4741,0.27,210.6,17,74.1,4.2,4441,0.217,HIGH
4742,0.14,407.5,94,6.9,1.7,8371,0.535,MEDIUM
4743,0.63,56.3,67,81.2,3.5,5036,0.834,LOW
4744,0.64,33.7,90,94.5,2.4,2600,0.934,LOW
4745,0.54,499.9,80,78.8,3.4,8848,0.983,LOW
4746,0.27,247.3,16,17.6,5.6,7178,0.086,HIGH
4747,0.62,69.0,90,92.5,8.1,3611,0.882,LOW
4748,0.03,119.9,64,4.7,9.5,3232,0.02,HIGH
4749,0.82,213.9,42,14.7,4.8,9007,0.841,LOW
4750,0.86,2.6,14,98.5,4.3,8967,0.0,HIGH
4751,0.75,608.4,90,5.0,5.7,1912,0.994,LOW
4752,0.46,265.0,6,18.6,2.1,1583,0.339,HIGH
4753,0.77,222.9,45,35.0,3.0,7231,0.894,LOW
4754,0.85,2.7,11,98.7,5.7,3087,0.0,HIGH
4755,0.81,585.0,44,62.5,4.9,7784,0.993,LOW
4756,0.59,82.2,56,60.1,8.3,9070,0.53,MEDIUM
4757,0.99,165.6,87,46.3,8.8,4180,0.984,LOW
4758,0.61,88.8,90,42.4,4.6,6047,0.818,LOW
4759,0.77,268.0,97,24.5,1.7,2471,0.983,LOW
4760,0.97,4.5,19,92.0,5.0,7707,0.0,HIGH
4761,0.5,383.4,52,86.0,1.1,2497,0.949,LOW
4762,0.74,269.5,18,32.2,5.5,7279,0.754,LOW
4763,0.29,388.7,57,59.2,1.2,1979,0.78,LOW
4764,0.15,427.5,73,50.1,3.4,1993,0.64,MEDIUM
4765,0.95,508.9,50,15.0,3.5,8193,0.992,LOW
4766,0.78,62.3,37,87.7,2.9,2781,0.891,LOW
4767,0.81,512.2,38,56.0,2.4,1807,0.991,LOW
4768,0.33,47.9,67,88.0,4.0,1235,0.474,MEDIUM
4769,0.41,609.4,74,77.4,5.7,3611,0.975,LOW
4770,0.25,297.3,34,84.4,7.2,8868,0.332,HIGH
4771,0.35,548.3,11,16.3,2.7,8765,0.53,MEDIUM
4772,0.89,115.5,94,77.2,1.5,5296,0.99,LOW
4773,0.65,544.0,52,93.3,5.1,6583,0.988,LOW
4774,0.79,610.0,33,51.3,6.2,3293,0.988,LOW
4775,0.71,428.2,67,70.7,5.4,3243,0.985,LOW
4776,0.69,556.3,5,78.6,7.9,6724,0.945,LOW
4777,0.7,494.0,2,90.0,3.5,9338,0.955,LOW
4778,0.56,458.7,30,76.6,3.8,3670,0.932,LOW
4779,0.32,134.4,82,97.9,4.2,2406,0.708,LOW
4780,0.72,215.5,8,47.8,4.0,3121,0.733,LOW
4781,0.54,241.5,92,49.0,7.8,4517,0.867,LOW
4782,0.82,192.3,90,64.3,1.3,3457,0.988,LOW
4783,0.11,546.0,53,7.3,3.5,2681,0.441,MEDIUM
4784,0.18,123.5,73,19.7,1.5,1541,0.192,HIGH
4785,0.67,104.3,35,44.2,8.9,8779,0.477,MEDIUM
4786,0.72,94.5,65,62.4,4.5,7646,0.869,LOW
4787,0.47,278.9,97,70.4,8.6,5763,0.885,LOW
4788,0.7,524.4,5,30.3,5.6,2690,0.909,LOW
4789,0.73,547.1,53,85.2,8.7,4956,0.989,LOW
4790,0.04,243.9,97,57.1,5.9,3941,0.3,HIGH
4791,0.89,147.7,20,18.5,3.1,1300,0.844,LOW
4792,0.63,408.3,33,61.3,6.2,4268,0.908,LOW
4793,0.86,496.0,26,55.3,9.1,3707,0.977,LOW
4794,0.64,429.7,50,41.1,3.3,5463,0.946,LOW
4795,0.86,612.6,95,42.3,7.0,713,0.999,LOW
4796,0.63,215.1,10,84.8,7.0,4448,0.685,MEDIUM
4797,0.61,355.8,64,90.4,10.0,5906,0.94,LOW
4798,0.91,377.0,32,1.5,1.1,8061,0.962,LOW
4799,0.1,324.3,8,96.3,5.6,9154,0.134,HIGH
4800,0.01,419.8,8,23.0,6.4,9313,0.036,HIGH
4801,0.78,212.4,48,37.1,2.9,5029,0.914,LOW
4802,0.52,626.2,31,6.4,8.8,9134,0.801,LOW
4803,1.0,302.0,36,87.0,4.6,3324,0.992,LOW
4804,0.22,511.6,32,65.7,5.1,981,0.641,MEDIUM
4805,0.53,203.5,41,37.7,3.4,5202,0.608,MEDIUM
4806,0.86,409.6,50,42.0,2.5,5944,0.986,LOW
4807,0.67,265.4,73,61.4,4.1,1241,0.958,LOW
4808,0.69,354.6,1,11.1,3.7,6034,0.676,MEDIUM
4809,0.73,595.0,55,22.4,7.6,4663,0.979,LOW
4810,0.08,316.7,32,95.7,1.2,3300,0.335,HIGH
4811,0.85,1.3,24,96.0,10.0,6662,0.0,HIGH
4812,0.66,140.6,76,40.3,4.5,6626,0.85,LOW
4813,0.86,2.9,46,99.4,7.6,6597,0.0,HIGH
4814,0.52,358.4,45,24.4,8.1,7045,0.649,MEDIUM
4815,0.48,201.9,67,87.7,7.6,9829,0.735,LOW
4816,0.26,167.3,30,4.4,4.7,3485,0.075,HIGH
4817,0.85,203.2,29,72.2,9.6,9443,0.872,LOW
4818,0.38,366.1,25,89.5,5.4,3110,0.695,MEDIUM
4819,0.07,159.5,52,92.9,6.1,9224,0.113,HIGH
4820,0.75,49.1,8,6.0,7.8,3590,0.261,HIGH
4821,0.05,35.7,34,65.2,5.5,4982,0.024,HIGH
4822,0.57,47.5,74,71.4,3.5,1285,0.802,LOW
4823,0.23,278.9,83,15.5,5.4,4353,0.391,HIGH
4824,0.41,144.3,12,63.3,5.1,7956,0.203,HIGH
4825,0.65,37.1,90,16.9,5.8,7909,0.686,MEDIUM
4826,0.99,155.5,60,74.8,4.5,4260,0.986,LOW
4827,0.35,438.6,13,20.4,9.4,8897,0.235,HIGH
4828,0.04,155.8,70,12.2,1.4,1369,0.089,HIGH
4829,0.61,397.8,61,62.7,7.2,8109,0.934,LOW
4830,0.68,335.6,77,63.4,9.9,8163,0.945,LOW
4831,0.44,494.8,94,84.0,9.8,2883,0.968,LOW
4832,0.3,435.0,53,72.5,7.2,9680,0.674,MEDIUM
4833,0.48,555.2,69,87.3,1.1,3979,0.987,LOW
4834,0.38,211.6,57,74.9,2.7,529,0.706,LOW
4835,0.84,257.7,86,88.5,1.1,4976,0.995,LOW
4836,0.96,4.0,13,90.9,1.1,9398,0.0,HIGH
4837,0.48,578.9,63,95.9,8.3,5893,0.973,LOW
4838,0.99,344.5,81,92.1,10.0,3665,0.997,LOW
4839,0.72,287.6,32,60.5,8.6,5566,0.854,LOW
4840,0.38,580.7,86,46.4,3.3,2599,0.967,LOW
4841,0.06,95.0,22,69.7,2.4,5866,0.04,HIGH
4842,0.11,286.3,35,60.5,4.2,8859,0.144,HIGH
4843,0.58,62.9,53,49.1,9.5,9516,0.386,HIGH
4844,0.68,169.5,21,12.1,2.8,7161,0.535,MEDIUM
4845,0.37,354.3,18,21.2,7.9,3130,0.258,HIGH
4846,0.13,173.7,32,21.9,9.3,2492,0.03,HIGH
4847,0.1,167.2,32,3.4,1.1,2709,0.042,HIGH
4848,0.23,523.1,49,47.4,5.3,4406,0.666,MEDIUM
4849,0.65,65.9,78,10.6,2.2,4924,0.731,LOW
4850,0.98,352.2,17,34.1,1.6,8616,0.973,LOW
4851,0.12,583.0,45,3.8,2.1,4161,0.468,MEDIUM
4852,0.61,614.4,10,16.8,1.1,6191,0.924,LOW
4853,0.26,213.7,42,88.0,8.0,7950,0.276,HIGH
4854,0.61,134.0,22,95.8,1.8,7245,0.751,LOW
4855,0.83,414.5,62,99.4,1.1,5336,0.997,LOW
4856,0.35,64.1,88,60.8,2.3,2552,0.58,MEDIUM
4857,0.38,238.4,44,42.4,7.8,8574,0.311,HIGH
4858,0.27,141.6,94,77.7,7.9,4014,0.521,MEDIUM
4859,0.15,59.9,94,71.8,6.8,8126,0.209,HIGH
4860,0.08,310.0,41,41.0,8.7,1560,0.102,HIGH
4861,0.43,590.7,53,7.3,9.1,6830,0.783,LOW
4862,0.02,168.3,61,10.7,8.2,6435,0.027,HIGH
4863,0.47,498.7,66,39.1,2.2,2403,0.947,LOW
4864,0.47,128.0,32,40.4,1.1,730,0.444,MEDIUM
4865,0.16,376.6,84,88.1,6.3,6363,0.703,LOW
4866,0.46,83.2,68,8.5,4.7,3204,0.347,HIGH
4867,0.44,190.5,38,78.8,3.1,9939,0.569,MEDIUM
4868,0.87,521.7,33,12.5,4.2,2758,0.982,LOW
4869,0.68,85.5,1,44.2,3.7,5592,0.403,MEDIUM
4870,0.4,440.6,72,77.1,9.8,8737,0.858,LOW
4871,0.18,146.0,3,75.2,9.7,5762,0.035,HIGH
4872,0.68,232.5,32,87.2,6.2,2788,0.883,LOW
4873,0.63,186.5,32,22.4,7.0,904,0.556,MEDIUM
4874,0.61,158.3,57,77.9,5.9,2202,0.843,LOW
4875,0.51,42.1,40,74.0,5.1,9217,0.381,HIGH
4876,0.46,33.9,90,58.3,2.4,5200,0.684,MEDIUM
4877,0.2,597.7,61,91.1,4.6,5015,0.899,LOW
4878,0.1,410.7,2,0.6,8.6,1568,0.038,HIGH
4879,0.05,586.3,49,96.5,3.7,9634,0.689,MEDIUM
4880,0.24,148.8,89,21.8,3.0,1522,0.367,HIGH
4881,0.86,184.7,1,15.2,1.6,7535,0.738,LOW
4882,0.74,444.0,31,86.2,2.4,8359,0.98,LOW
4883,0.57,55.9,48,26.8,7.6,6845,0.304,HIGH
4884,0.35,358.9,33,80.6,1.7,3121,0.741,LOW
4885,0.47,438.8,68,47.0,10.0,4962,0.845,LOW
4886,0.11,124.2,43,33.7,5.3,7024,0.043,HIGH
4887,0.45,545.0,0,93.3,5.7,9755,0.818,LOW
4888,0.73,293.8,60,24.8,7.0,3301,0.908,LOW
4889,0.64,347.8,41,95.8,9.8,1568,0.927,LOW
4890,0.64,556.7,67,54.7,7.3,9129,0.978,LOW
4891,0.48,60.5,79,46.6,5.6,3214,0.567,MEDIUM
4892,0.41,168.9,98,93.9,7.6,1777,0.848,LOW
4893,0.05,613.2,68,84.9,7.0,6060,0.738,LOW
4894,0.52,113.7,27,58.6,1.1,9765,0.449,MEDIUM
4895,0.48,495.0,8,98.5,7.1,6927,0.839,LOW
4896,0.68,450.1,96,36.9,6.7,3491,0.985,LOW
4897,0.22,625.6,93,88.8,2.1,5015,0.973,LOW
4898,0.62,474.2,51,12.9,2.2,1567,0.944,LOW
4899,0.97,432.0,80,97.8,8.1,5555,0.998,LOW
4900,0.02,587.1,26,31.4,3.8,6409,0.254,HIGH
4901,0.14,321.5,12,5.5,9.2,762,0.037,HIGH
4902,0.47,54.1,75,89.2,1.3,2143,0.793,LOW
4903,0.59,221.8,92,8.3,5.5,5513,0.826,LOW
4904,0.71,90.3,32,4.7,5.9,6896,0.415,MEDIUM
4905,0.85,544.6,56,94.2,7.1,1769,0.997,LOW
4906,0.55,136.3,79,94.1,5.4,4873,0.88,LOW
4907,0.22,484.9,71,68.2,8.9,6527,0.709,LOW
4908,0.95,242.9,15,86.1,2.7,9979,0.969,LOW
4909,0.36,539.5,69,62.0,2.1,5914,0.943,LOW
4910,0.89,104.0,33,26.0,3.5,3447,0.85,LOW
4911,0.37,396.8,98,51.9,7.5,5771,0.88,LOW
4912,0.97,415.2,23,23.0,1.4,1995,0.986,LOW
4913,0.45,217.3,12,89.6,8.5,1480,0.431,MEDIUM
4914,0.09,466.2,73,69.2,7.7,6232,0.542,MEDIUM
4915,0.25,153.9,46,94.3,4.4,9352,0.297,HIGH
4916,0.61,525.6,75,11.5,6.0,8206,0.953,LOW
4917,0.61,496.4,20,35.8,3.6,9669,0.874,LOW
4918,1.0,376.7,84,25.7,6.3,4598,0.995,LOW
4919,0.27,582.5,34,16.8,3.0,9889,0.603,MEDIUM
4920,0.69,224.1,28,89.6,1.8,4797,0.91,LOW
4921,0.05,121.7,77,21.0,2.0,2790,0.095,HIGH
4922,0.45,493.1,47,78.1,3.8,9817,0.916,LOW
4923,0.08,403.3,26,70.2,7.2,1130,0.207,HIGH
4924,0.93,558.6,13,93.6,4.9,8956,0.994,LOW
4925,0.82,550.7,11,16.7,1.5,8416,0.965,LOW
4926,0.87,269.4,4,15.5,6.2,6459,0.777,LOW
4927,0.35,176.2,19,70.9,6.9,6415,0.202,HIGH
4928,0.67,342.5,1,74.6,8.9,5198,0.758,LOW
4929,0.35,611.4,22,55.5,9.6,6905,0.709,LOW
4930,0.41,574.1,29,54.2,2.1,711,0.904,LOW
4931,0.78,67.4,33,97.6,9.1,1092,0.834,LOW
4932,0.51,118.2,90,72.5,7.5,2993,0.798,LOW
4933,0.3,201.2,99,47.0,1.8,8851,0.675,MEDIUM
4934,0.09,132.7,36,23.8,5.0,2381,0.035,HIGH
4935,0.5,407.1,36,4.8,3.0,5910,0.69,MEDIUM
4936,0.3,554.6,51,64.0,9.2,6873,0.764,LOW
4937,0.56,417.6,19,12.7,7.7,6449,0.587,MEDIUM
4938,0.22,568.7,20,54.9,5.8,8298,0.518,MEDIUM
4939,0.19,334.6,44,97.0,6.2,2450,0.507,MEDIUM
4940,0.37,303.0,63,63.4,8.5,8409,0.603,MEDIUM
4941,0.9,67.0,86,34.5,5.7,3935,0.952,LOW
4942,0.84,533.4,7,39.4,3.1,1574,0.978,LOW
4943,0.17,113.6,60,35.0,6.5,7259,0.08,HIGH
4944,0.49,619.1,6,69.6,5.9,6343,0.888,LOW
4945,0.88,39.1,25,32.6,3.0,9858,0.718,LOW
4946,0.75,414.7,30,17.3,9.5,2740,0.873,LOW
4947,0.81,475.1,52,17.5,7.3,3931,0.972,LOW
4948,0.62,47.8,2,96.7,2.0,712,0.582,MEDIUM
4949,0.8,523.4,63,10.0,6.2,1521,0.984,LOW
4950,0.15,553.8,98,87.6,7.8,1173,0.912,LOW
4951,0.0,40.5,22,35.4,2.0,3968,0.012,HIGH
4952,0.85,3.0,16,94.4,5.0,5578,0.0,HIGH
4953,0.08,435.3,23,65.9,5.0,3302,0.243,HIGH
4954,0.43,558.6,66,87.2,5.7,1847,0.97,LOW
4955,0.06,402.4,28,86.2,4.0,5482,0.276,HIGH
4956,0.83,309.7,51,49.8,3.0,9435,0.967,LOW
4957,0.16,617.9,68,74.9,5.3,1663,0.882,LOW
4958,0.8,479.3,17,90.7,9.4,8109,0.968,LOW
4959,0.78,333.2,4,32.2,5.8,4242,0.818,LOW
4960,0.98,1.4,45,94.3,5.8,5671,0.001,HIGH
4961,0.68,340.7,34,47.2,7.6,1861,0.873,LOW
4962,0.67,552.2,58,58.3,7.6,859,0.984,LOW
4963,0.87,3.7,28,100.0,5.3,1556,0.0,HIGH
4964,0.67,603.9,92,96.9,2.8,5852,0.998,LOW
4965,0.59,396.1,67,50.4,3.3,9419,0.945,LOW
4966,0.94,166.7,11,81.1,4.1,5270,0.939,LOW
4967,0.87,485.5,3,90.7,3.5,1774,0.988,LOW
4968,0.64,200.1,54,70.7,3.4,2917,0.895,LOW
4969,0.17,581.2,17,77.1,9.5,617,0.505,MEDIUM
4970,0.61,551.3,99,59.4,8.9,4710,0.99,LOW
4971,0.07,204.6,79,81.4,2.0,8274,0.339,HIGH
4972,0.91,3.9,10,96.5,9.7,5656,0.0,HIGH
4973,0.42,475.6,85,14.9,1.2,9546,0.91,LOW
4974,0.48,121.7,42,61.0,6.7,8989,0.374,HIGH
4975,1.0,3.1,48,92.0,6.7,6648,0.001,HIGH
4976,0.89,160.3,9,58.6,6.8,1537,0.855,LOW
4977,0.7,335.1,39,41.7,6.6,3770,0.888,LOW
4978,0.67,354.1,31,32.2,7.6,3433,0.82,LOW
4979,0.86,102.3,72,63.3,6.3,1829,0.955,LOW
4980,0.39,254.3,73,90.2,5.6,7856,0.789,LOW
4981,0.04,94.3,64,39.5,4.0,7909,0.049,HIGH
4982,0.84,42.2,91,1.7,7.1,8418,0.837,LOW
4983,0.91,324.6,41,57.7,2.2,4385,0.985,LOW
4984,0.5,628.5,15,44.7,8.4,1232,0.874,LOW
4985,0.95,2.1,23,99.6,7.7,6675,0.0,HIGH
4986,0.36,237.4,48,83.7,9.6,2119,0.496,MEDIUM
4987,0.52,549.1,20,35.7,2.3,773,0.905,LOW
4988,0.27,173.5,35,65.6,6.9,4410,0.185,HIGH
4989,0.59,405.7,34,6.6,5.6,6926,0.729,LOW
4990,0.32,162.6,6,99.9,6.7,5157,0.189,HIGH
4991,0.49,125.0,64,93.7,1.8,8463,0.802,LOW
4992,0.79,52.3,64,31.3,8.8,7764,0.727,LOW
4993,0.05,340.8,33,87.5,1.3,3489,0.306,HIGH
4994,0.16,302.8,29,85.3,1.5,9762,0.314,HIGH
4995,0.52,491.4,50,9.1,2.3,6705,0.88,LOW
4996,0.47,578.1,78,19.7,9.8,1927,0.929,LOW
4997,0.89,472.3,81,69.2,1.3,9601,0.998,LOW
4998,0.14,390.1,13,34.3,8.4,4823,0.092,HIGH
4999,0.92,406.0,50,27.4,2.4,2075,0.989,LOW
5000,0.62,342.7,84,66.9,7.4,5036,0.96,LOW
